session,treat,tsm_1,tsm_2,tsm_3,tsm_4,tsc_1,tsc_2,tsc_3,exp_1,exp_2,exp_3,exp_4,exp_5,exp_6,int_1,int_2,int_3,int_4,ben_1,ben_2,ben_3,ben_4,tch_1,tch_2,tch_3,tch_4,tch_5,meas_rep,age,sex,position,position_oth,Treatment,Experitse,Integrity,Benevolence,Topic specific multiplism,Study
ZCgj0ki5azqCd28Gbm21kLcJg1wLPDJwKX6-028o4hAOLUPpw54IVOX_W9TWEpZ2,GB,1,3,1,3,3,2,3,5,5,7,5,6,5,7,6,6,6,6,6,6,7,1,1,1,1,1,1,50,m,-999,Communications management,Greyed out badges,5.5,6.25,6.25,2,Study 2
ZCgj0ki5azqCd28Gbm21kLcJg1wLPDJwKX6-028o4hAOLUPpw54IVOX_W9TWEpZ2,CC,2,4,1,4,3,2,3,6,6,6,6,6,5,6,7,6,6,6,7,5,5,-999,-999,-999,2,-999,2,50,m,-999,Communications management,Control Condition,5.833333333333333,6.25,5.75,2.75,Study 2
m7Uih-tpVbPvrxuGnnBvGNhZhdEEkyZ1mU91rxs4f16hIutwNBEnIxGGrGYnCkSt,CB,1,2,3,3,2,1,3,7,7,7,7,7,7,7,7,7,7,7,7,7,7,3,4,1,2,-999,1,16,m,1,NA,Colored badges,7,7,7,2.25,Study 2
m7Uih-tpVbPvrxuGnnBvGNhZhdEEkyZ1mU91rxs4f16hIutwNBEnIxGGrGYnCkSt,CC,3,2,2,3,3,3,2,4,5,4,4,4,4,3,3,3,4,5,3,2,3,2,3,1,2,1,2,16,m,1,NA,Control Condition,4.166666666666667,3.25,3.25,2.5,Study 2
qPysCuI9-iLm0llM13aXeTw4RPMNpeWoUHYbY89kB_rK8PfkOETByBatllNrWAom,CB,1,1,2,2,4,3,3,4,3,7,7,3,6,7,7,4,2,7,7,5,6,4,3,4,2,4,1,16,m,1,NA,Colored badges,5,5,6.25,1.5,Study 2
qPysCuI9-iLm0llM13aXeTw4RPMNpeWoUHYbY89kB_rK8PfkOETByBatllNrWAom,CC,2,1,3,3,4,4,4,4,5,6,7,6,7,6,6,6,6,3,5,6,6,3,2,2,3,2,2,16,m,1,NA,Control Condition,5.833333333333333,6,5,2.25,Study 2
YOaskKu_7sy0YhNAm1IB2Cedhj5-wUzS6QcOPxntO4DJWeSFSm5KXHT1kyeVOUq3,CC,1,2,1,2,3,2,3,5,5,6,5,5,5,4,4,5,4,4,5,5,4,-999,-999,-999,-999,-999,1,16,m,1,NA,Control Condition,5.166666666666667,4.25,4.5,1.5,Study 2
YOaskKu_7sy0YhNAm1IB2Cedhj5-wUzS6QcOPxntO4DJWeSFSm5KXHT1kyeVOUq3,CB,1,1,1,2,4,1,3,6,6,5,6,5,5,5,5,4,5,5,6,6,4,4,4,4,4,4,2,16,m,1,NA,Colored badges,5.5,4.75,5.25,1.25,Study 2
L10Oyy8t4awENgfQM2g7_IP_YP0CUH4BTi0mKFZgOoGvvSsCA-Zzp7ziEjQHWBqL,CC,2,2,3,2,3,3,3,5,5,6,4,6,6,5,5,5,5,5,5,4,4,1,-999,-999,1,-999,1,16,f,-999,Student MA,Control Condition,5.333333333333333,5,4.5,2.25,Study 2
L10Oyy8t4awENgfQM2g7_IP_YP0CUH4BTi0mKFZgOoGvvSsCA-Zzp7ziEjQHWBqL,GB,2,2,2,3,3,2,3,5,4,5,4,5,5,4,4,5,3,4,4,4,5,3,1,1,2,1,2,16,f,-999,Student MA,Greyed out badges,4.666666666666667,4,4.25,2.25,Study 2
kq6OGYEQT0ZebtES84TY5krFMGS3yyJO5m7t69utng6YugmO38M30M9kNBQ-Hu27,GB,2,4,3,3,3,1,4,6,6,6,7,6,6,5,5,5,5,4,5,7,5,1,4,1,3,1,1,16,m,-999,editor,Greyed out badges,6.166666666666667,5,5.25,3,Study 2
kq6OGYEQT0ZebtES84TY5krFMGS3yyJO5m7t69utng6YugmO38M30M9kNBQ-Hu27,CB,2,3,3,3,3,2,4,5,5,5,5,5,6,6,5,4,6,6,6,5,5,4,4,4,4,4,2,16,m,-999,editor,Colored badges,5.166666666666667,5.25,5.5,2.75,Study 2
conqbWx4_g-njK97VM-x5pSBjos3qF-HrIAvrVU0ZeajhQbvpV7UxR_UDQVsozP7,GB,2,2,4,3,2,3,1,7,6,7,7,4,7,6,6,5,4,5,4,4,6,3,3,-999,4,-999,1,16,m,1,NA,Greyed out badges,6.333333333333333,5.25,4.75,2.75,Study 2
conqbWx4_g-njK97VM-x5pSBjos3qF-HrIAvrVU0ZeajhQbvpV7UxR_UDQVsozP7,CC,2,2,1,1,2,1,3,6,6,6,5,5,5,7,6,3,2,3,4,5,4,2,2,4,3,3,2,16,m,1,NA,Control Condition,5.5,4.5,4,1.5,Study 2
yUX9WXhu-k3uGuDHvztu9zKMP-jS4ZaDOOSn-z83wQfFCUpTf7QTAbGZ62tJO3tv,CB,2,2,2,4,3,3,3,7,7,7,7,6,7,4,7,4,4,6,5,6,6,3,4,4,3,4,1,16,m,1,NA,Colored badges,6.833333333333333,4.75,5.75,2.5,Study 2
yUX9WXhu-k3uGuDHvztu9zKMP-jS4ZaDOOSn-z83wQfFCUpTf7QTAbGZ62tJO3tv,GB,1,2,3,3,2,2,2,7,7,7,7,7,7,4,7,4,4,6,5,7,6,1,1,1,1,1,2,16,m,1,NA,Greyed out badges,7,4.75,6,2.25,Study 2
zZ_Q7Pe0-Ms7n3KKq7ffArgsoraqOhXbjU2xGFq1OsF_Z8nkoPht6lirwBrfK6eG,CC,2,2,2,2,3,1,3,6,6,6,6,5,6,6,6,6,6,7,6,6,6,3,3,4,3,4,1,16,f,1,NA,Control Condition,5.833333333333333,6,6.25,2,Study 2
zZ_Q7Pe0-Ms7n3KKq7ffArgsoraqOhXbjU2xGFq1OsF_Z8nkoPht6lirwBrfK6eG,GB,3,3,3,3,1,3,1,4,5,5,3,3,4,3,2,2,2,2,3,3,4,1,1,1,1,1,2,16,f,1,NA,Greyed out badges,4,2.25,3,3,Study 2
UvpwM3ithm87cYwmxqpJ3aZp1u6Qta5XfCgQWMBpb18dkFKXs2IKIpiopFAoNoUz,GB,2,3,1,4,3,1,3,4,4,4,5,4,4,5,5,5,5,5,5,5,5,2,2,1,1,1,1,16,m,1,NA,Greyed out badges,4.166666666666667,5,5,2.5,Study 2
UvpwM3ithm87cYwmxqpJ3aZp1u6Qta5XfCgQWMBpb18dkFKXs2IKIpiopFAoNoUz,CB,1,2,1,2,3,1,3,4,4,5,5,4,5,5,5,5,5,6,6,5,6,4,4,4,3,4,2,16,m,1,NA,Colored badges,4.5,5,5.75,1.5,Study 2
ItptsCRuXGqq1oygOEhWoYY3RzYlksZfInncX6rAZGRwe4LAK6wA2f-PthNao_J6,CB,3,4,3,4,3,1,3,5,6,5,6,5,5,6,6,6,6,5,6,5,6,4,-999,4,3,4,1,16,f,1,NA,Colored badges,5.333333333333333,6,5.5,3.5,Study 2
ItptsCRuXGqq1oygOEhWoYY3RzYlksZfInncX6rAZGRwe4LAK6wA2f-PthNao_J6,GB,2,4,3,3,3,2,3,4,4,4,3,3,3,5,4,4,5,5,4,3,4,1,-999,1,1,1,2,16,f,1,NA,Greyed out badges,3.5,4.5,4,3,Study 2
3f5JYlBTKvqecwfAnxmcKe2Y3zPEmfohke3qwtqFWzSSM2ICoDFvI7TKzNXnw7q9,CB,2,3,3,3,2,2,3,5,5,6,6,4,5,4,5,4,4,4,5,5,4,4,4,4,4,4,1,35,f,1,NA,Colored badges,5.166666666666667,4.25,4.5,2.75,Study 2
3f5JYlBTKvqecwfAnxmcKe2Y3zPEmfohke3qwtqFWzSSM2ICoDFvI7TKzNXnw7q9,CC,1,3,2,3,3,2,3,6,5,5,6,5,5,4,4,4,4,4,5,5,4,3,2,2,2,2,2,35,f,1,NA,Control Condition,5.333333333333333,4,4.5,2.25,Study 2
O_N7_Ft8Eh3QEAHOCQ5QLIA6638tsZ7aEI73NMmo2asTn53VWivIQfFfNn8wUYlP,CB,1,2,3,1,4,1,4,6,6,6,6,6,6,6,6,6,6,6,5,6,6,3,4,4,3,4,1,16,f,-999,human resources,Colored badges,6,6,5.75,1.75,Study 2
O_N7_Ft8Eh3QEAHOCQ5QLIA6638tsZ7aEI73NMmo2asTn53VWivIQfFfNn8wUYlP,GB,3,3,2,3,2,3,2,3,4,4,3,4,4,4,3,3,3,3,2,4,5,2,1,1,1,1,2,16,f,-999,human resources,Greyed out badges,3.6666666666666665,3.25,3.5,2.75,Study 2
qPAN_5ay50-Clay1OPK-1hA88CO8iz2N_W36bhv2NtlBmbDUaEztSuVntY9zSABS,CB,3,2,2,4,3,2,3,6,5,5,6,6,6,4,6,6,5,5,5,6,5,2,4,4,4,4,1,16,f,1,NA,Colored badges,5.666666666666667,5.25,5.25,2.75,Study 2
qPAN_5ay50-Clay1OPK-1hA88CO8iz2N_W36bhv2NtlBmbDUaEztSuVntY9zSABS,GB,3,3,3,4,2,3,2,6,6,6,5,6,6,5,6,5,5,4,5,5,6,1,1,1,1,1,2,16,f,1,NA,Greyed out badges,5.833333333333333,5.25,5,3.25,Study 2
0XF9d3RtFqKa7hqeO9BS7mz2iS2npVAshDpi_ax4Nn7h-QcsSuC3Acld3Rsd_81l,GB,2,4,1,2,2,3,2,5,5,6,4,5,5,3,4,3,4,4,3,4,4,1,1,1,2,1,1,16,f,-999,legal adviser,Greyed out badges,5,3.5,3.75,2.25,Study 2
0XF9d3RtFqKa7hqeO9BS7mz2iS2npVAshDpi_ax4Nn7h-QcsSuC3Acld3Rsd_81l,CC,2,2,2,2,3,2,3,6,6,6,4,5,6,5,5,5,5,5,5,5,4,3,-999,-999,-999,-999,2,16,f,-999,legal adviser,Control Condition,5.5,5,4.75,2,Study 2
lKwCLf47dsdDjVSrYC2-Oe21SyLFMGsqNcOB8zqCou_YHOLFIjxCIQXwR7f22fsP,CC,3,2,1,2,3,1,3,6,6,7,7,6,6,5,5,5,5,7,6,5,5,2,4,-999,3,3,1,16,m,5,NA,Control Condition,6.333333333333333,5,5.75,2,Study 2
lKwCLf47dsdDjVSrYC2-Oe21SyLFMGsqNcOB8zqCou_YHOLFIjxCIQXwR7f22fsP,GB,3,2,2,3,2,2,2,6,6,7,7,5,5,6,6,6,5,6,6,6,5,1,1,1,1,1,2,16,m,5,NA,Greyed out badges,6,5.75,5.75,2.5,Study 2
umClPdR3xqkHxhccxRNjUbMN78bm2erxBdY00Z0li8pU5Wk43Y1TvwF3derlXLMY,CC,1,3,1,3,3,2,3,7,7,6,7,6,6,7,7,6,6,5,5,6,5,3,-999,-999,3,-999,1,16,m,1,NA,Control Condition,6.5,6.5,5.25,2,Study 2
umClPdR3xqkHxhccxRNjUbMN78bm2erxBdY00Z0li8pU5Wk43Y1TvwF3derlXLMY,CB,1,2,1,2,4,1,4,6,6,6,7,6,6,6,6,7,7,7,7,7,6,4,4,4,4,4,2,16,m,1,NA,Colored badges,6.166666666666667,6.5,6.75,1.5,Study 2
LJ-9WVILecMAlzyknCIuCd0yTTKjaGhFS3_LSwSYnovEODxDNJNcuzGlbxkgz9P7,CC,1,2,3,2,3,2,3,5,6,7,7,5,5,5,6,6,5,6,5,6,5,4,-999,-999,4,-999,1,16,m,-999,Content Creation for Communication / Translator,Control Condition,5.833333333333333,5.5,5.5,2,Study 2
LJ-9WVILecMAlzyknCIuCd0yTTKjaGhFS3_LSwSYnovEODxDNJNcuzGlbxkgz9P7,GB,2,3,3,3,3,2,3,5,4,5,3,4,5,4,4,6,6,5,6,6,5,1,1,1,1,1,2,16,m,-999,Content Creation for Communication / Translator,Greyed out badges,4.333333333333333,5,5.5,2.75,Study 2
HaN6fsTs3-MiHqG7Wo9G9u2UF_NVaYdPbeDxmrVHmTBsDMMoyoIi75YKcYR1Ur4Q,CC,4,1,2,2,3,2,3,6,6,6,5,5,6,5,5,4,5,4,4,6,5,2,2,-999,3,-999,1,16,m,1,NA,Control Condition,5.666666666666667,4.75,4.75,2.25,Study 2
HaN6fsTs3-MiHqG7Wo9G9u2UF_NVaYdPbeDxmrVHmTBsDMMoyoIi75YKcYR1Ur4Q,CB,4,2,3,2,3,2,3,6,6,6,7,5,6,6,6,5,5,6,6,7,6,4,4,4,4,4,2,16,m,1,NA,Colored badges,6,5.5,6.25,2.75,Study 2
PzNYEW4Twfc1XNuCAm7n5OZGrrxRy6SXmnr6ecFDgJWtmQ2a3-KekilE9ZwaBbuo,CB,1,3,2,4,3,2,3,6,5,5,5,5,5,6,5,6,5,5,5,6,5,4,4,4,4,4,1,35,f,-999,NA,Colored badges,5.166666666666667,5.5,5.25,2.5,Study 2
PzNYEW4Twfc1XNuCAm7n5OZGrrxRy6SXmnr6ecFDgJWtmQ2a3-KekilE9ZwaBbuo,CC,3,3,4,3,3,2,3,6,6,6,6,6,5,6,6,6,6,7,6,6,6,4,-999,-999,4,-999,2,35,f,-999,NA,Control Condition,5.833333333333333,6,6.25,3.25,Study 2
AX_r-r94VQ0HY7BDxgNSxA6Af0j1xZTMsGOYSu4fMozLKuAFBXYic5zzCWa_9eB9,GB,1,3,2,3,3,2,3,7,7,7,7,6,7,6,6,5,6,4,6,6,5,3,1,1,2,1,1,16,f,5,NA,Greyed out badges,6.833333333333333,5.75,5.25,2.25,Study 2
AX_r-r94VQ0HY7BDxgNSxA6Af0j1xZTMsGOYSu4fMozLKuAFBXYic5zzCWa_9eB9,CC,1,3,2,2,3,2,3,7,7,7,7,7,7,6,6,4,5,4,6,7,4,2,-999,-999,-999,-999,2,16,f,5,NA,Control Condition,7,5.25,5.25,2,Study 2
QKHv7NKLwWA_GQ5Lo2JENBZ0XWpmefUv4k8Hx8nIcX-UN9uMbAd26ugmBdGcBlPV,CB,2,2,2,2,2,3,3,7,7,5,5,6,6,6,7,6,6,6,6,6,6,3,4,4,3,4,1,16,m,1,NA,Colored badges,6,6.25,6,2,Study 2
QKHv7NKLwWA_GQ5Lo2JENBZ0XWpmefUv4k8Hx8nIcX-UN9uMbAd26ugmBdGcBlPV,CC,2,1,2,2,3,2,3,6,6,5,6,6,6,6,6,6,6,6,6,6,5,-999,-999,-999,-999,-999,2,16,m,1,NA,Control Condition,5.833333333333333,6,5.75,1.75,Study 2
yQ9Wf3teK8Jj0pTCDQTQIalUVCaEksHCAj0G91gGYKwGMjocyDy7dxkjW606s50q,CB,1,2,2,2,3,2,3,6,5,7,7,6,7,6,6,6,6,6,6,7,6,4,4,4,4,4,1,16,f,1,NA,Colored badges,6.333333333333333,6,6.25,1.75,Study 2
yQ9Wf3teK8Jj0pTCDQTQIalUVCaEksHCAj0G91gGYKwGMjocyDy7dxkjW606s50q,GB,1,2,2,2,3,1,3,7,6,7,7,6,7,6,6,6,6,6,6,6,6,2,3,1,1,1,2,16,f,1,NA,Greyed out badges,6.666666666666667,6,6,1.75,Study 2
WUfWjO3u7Om4Cw9GPaCVqrIDFjuh1hf-HdzQ9NSJy1zhFZPSe4JzqX5vOzLdy6_Q,CC,2,3,3,3,3,2,4,6,7,6,7,6,6,6,7,7,7,6,6,7,6,4,4,4,4,4,1,35,f,-999,healthworker,Control Condition,6.333333333333333,6.75,6.25,2.75,Study 2
WUfWjO3u7Om4Cw9GPaCVqrIDFjuh1hf-HdzQ9NSJy1zhFZPSe4JzqX5vOzLdy6_Q,CB,3,4,3,3,4,4,3,7,7,6,7,7,6,7,6,6,6,6,6,6,6,4,4,4,4,4,2,35,f,-999,healthworker,Colored badges,6.666666666666667,6.25,6,3.25,Study 2
PT3djJlEFHIMTcuOTmoDSUl-5DvwIr-56jbKKLeJ00skWQ7mOHGsF_SWEhqM8JhD,CC,3,4,3,3,1,3,2,3,5,6,3,3,5,6,6,2,3,4,4,5,2,-999,-999,4,-999,4,1,16,f,-999,social worker,Control Condition,4.166666666666667,4.25,3.75,3.25,Study 2
PT3djJlEFHIMTcuOTmoDSUl-5DvwIr-56jbKKLeJ00skWQ7mOHGsF_SWEhqM8JhD,GB,1,3,2,3,3,2,3,3,6,6,6,5,4,5,5,4,4,4,5,5,5,1,1,1,1,1,2,16,f,-999,social worker,Greyed out badges,5,4.5,4.75,2.25,Study 2
EwMcFg6WPad4kbwa0zG9kRvW8ip1toq7dGL1eF1raRXmTu4uWZVHarBsSxpoSdsU,CB,1,2,2,2,3,1,3,6,5,6,5,6,5,5,5,4,5,6,6,5,4,4,4,4,4,4,1,16,f,2,NA,Colored badges,5.5,4.75,5.25,1.75,Study 2
EwMcFg6WPad4kbwa0zG9kRvW8ip1toq7dGL1eF1raRXmTu4uWZVHarBsSxpoSdsU,CC,2,2,2,2,2,2,3,6,6,6,6,6,6,5,6,5,6,6,5,6,4,-999,-999,-999,-999,-999,2,16,f,2,NA,Control Condition,6,5.5,5.25,2,Study 2
_V4fmrCxYg53zDsVYk0ovXaQZ0UTF8yNYle6hZXdPoBYU_bqq3ytVhSa9dG5EUbA,CC,2,3,3,4,3,1,4,7,7,7,7,7,7,5,6,4,4,4,7,4,6,4,4,4,-999,3,1,16,f,1,NA,Control Condition,7,4.75,5.25,3,Study 2
_V4fmrCxYg53zDsVYk0ovXaQZ0UTF8yNYle6hZXdPoBYU_bqq3ytVhSa9dG5EUbA,CB,2,2,1,2,3,1,3,7,7,7,7,7,7,4,7,4,7,4,7,7,7,4,4,4,3,4,2,16,f,1,NA,Colored badges,7,5.5,6.25,1.75,Study 2
lJkXbczbZBX30zGIuiUZRZw7_GJlei53MlnXWT5xizXH_Gs2E2pDq7f71oUUNBt0,CB,2,2,1,3,3,2,3,5,4,4,4,5,5,6,6,6,6,4,4,5,4,3,4,4,3,4,1,16,f,1,NA,Colored badges,4.5,6,4.25,2,Study 2
lJkXbczbZBX30zGIuiUZRZw7_GJlei53MlnXWT5xizXH_Gs2E2pDq7f71oUUNBt0,CC,2,2,2,3,3,2,3,6,5,5,4,5,5,4,4,4,4,4,5,5,4,3,-999,-999,-999,-999,2,16,f,1,NA,Control Condition,5,4,4.5,2.25,Study 2
4XXpZsa7hLzy-rq42D5j8XTUX7vFc5y-dp7EpWX-sSR0ylHbp0bDHWuc2J7bUcNO,CB,1,2,3,2,4,1,4,7,7,7,7,7,7,7,7,7,7,7,7,7,7,4,4,4,4,4,1,35,f,-999,Social worker,Colored badges,7,7,7,2,Study 2
4XXpZsa7hLzy-rq42D5j8XTUX7vFc5y-dp7EpWX-sSR0ylHbp0bDHWuc2J7bUcNO,GB,3,3,3,4,2,3,2,4,4,3,4,2,3,2,4,4,4,4,3,4,3,1,1,1,1,1,2,35,f,-999,Social worker,Greyed out badges,3.3333333333333335,3.5,3.5,3.25,Study 2
H0F2MJEAlhqVPubWvu795-N3Xv5P1oub_ZgLwvPpBmHpPAjpq4LEex9uGHEJqbUp,CC,2,2,2,2,3,2,3,6,6,6,6,6,4,6,6,6,6,6,6,6,6,-999,-999,-999,3,-999,1,50,f,-999,student,Control Condition,5.666666666666667,6,6,2,Study 2
H0F2MJEAlhqVPubWvu795-N3Xv5P1oub_ZgLwvPpBmHpPAjpq4LEex9uGHEJqbUp,CB,3,3,3,3,2,2,2,5,6,6,5,5,4,6,5,5,5,5,6,5,5,-999,4,4,4,4,2,50,f,-999,student,Colored badges,5.166666666666667,5.25,5.25,3,Study 2
qQqFCy7v_L66Pw8FUPt7F-IQufCk0mgM5IUVNeZ2zXZgKWqdvjfqydewLUvAylO5,CB,4,4,2,4,1,4,1,6,5,5,5,1,5,6,4,3,4,4,4,2,4,4,4,4,2,4,1,50,f,1,NA,Colored badges,4.5,4.25,3.5,3.5,Study 2
qQqFCy7v_L66Pw8FUPt7F-IQufCk0mgM5IUVNeZ2zXZgKWqdvjfqydewLUvAylO5,GB,1,2,1,3,3,2,3,5,5,6,5,3,4,6,5,5,4,4,6,6,4,1,1,1,4,1,2,50,f,1,NA,Greyed out badges,4.666666666666667,5,5,1.75,Study 2
Z_I4160sjWMwojf7rIR6iIerYPwri4HKA-e52aXgdHlGPKNIFa38PzyDFKFpmsen,CC,1,3,1,3,2,3,2,6,6,7,6,5,5,6,6,5,6,6,6,6,6,-999,-999,-999,-999,-999,1,16,f,1,NA,Control Condition,5.833333333333333,5.75,6,2,Study 2
Z_I4160sjWMwojf7rIR6iIerYPwri4HKA-e52aXgdHlGPKNIFa38PzyDFKFpmsen,CB,1,3,2,3,3,2,3,7,7,7,7,6,7,7,7,7,7,7,7,7,7,4,4,4,4,4,2,16,f,1,NA,Colored badges,6.833333333333333,7,7,2.25,Study 2
kZ7Yvm33r_936iib2p0mk65bz2xCrCM0YIG5EdHHjEVW_WqomeGSjJ7O3ry-9XYp,GB,3,2,2,3,3,1,3,4,4,5,2,5,3,4,4,3,5,5,2,3,5,1,1,1,1,1,1,16,f,-999,NA,Greyed out badges,3.8333333333333335,4,3.75,2.5,Study 2
kZ7Yvm33r_936iib2p0mk65bz2xCrCM0YIG5EdHHjEVW_WqomeGSjJ7O3ry-9XYp,CC,2,3,2,3,3,3,3,6,5,5,5,4,6,5,5,5,4,3,5,4,5,3,-999,-999,3,-999,2,16,f,-999,NA,Control Condition,5.166666666666667,4.75,4.25,2.5,Study 2
sAGY3KfbTx-1CJiL93nVjPC5L0Jpp7oKvFvurPqX--JSYhQ44iR0COl-jxIc9r8X,CB,3,2,1,3,3,1,4,6,6,6,6,6,6,5,6,6,5,5,5,5,4,2,4,4,3,4,1,16,f,5,NA,Colored badges,6,5.5,4.75,2.25,Study 2
sAGY3KfbTx-1CJiL93nVjPC5L0Jpp7oKvFvurPqX--JSYhQ44iR0COl-jxIc9r8X,GB,3,4,2,2,2,3,2,6,7,6,6,5,6,5,6,5,4,5,6,5,5,3,1,1,1,1,2,16,f,5,NA,Greyed out badges,6,5,5.25,2.75,Study 2
ji98BKMFB6NLkUZjqeEiPYLlezBLBGQ1h1kCWJw8g6h_zS58nzMPUuyX0ciL3bMD,GB,2,3,2,2,3,1,3,3,2,3,3,2,2,4,3,4,3,4,2,3,5,2,3,2,3,2,1,16,m,-999,Graduate,Greyed out badges,2.5,3.5,3.5,2.25,Study 2
ji98BKMFB6NLkUZjqeEiPYLlezBLBGQ1h1kCWJw8g6h_zS58nzMPUuyX0ciL3bMD,CC,2,3,3,2,2,2,3,3,3,3,3,3,3,4,3,4,3,4,4,3,4,2,2,3,2,3,2,16,m,-999,Graduate,Control Condition,3,3.5,3.75,2.5,Study 2
FKu18YWhNLG0Zj_F_sUOTm2KGIizY8HeZQxTre-xLIXz_1-w_kjpLgTzg83vpT2X,CC,3,4,4,4,2,4,2,5,4,2,4,4,4,4,4,2,1,2,3,2,3,2,-999,-999,1,2,1,16,m,1,NA,Control Condition,3.8333333333333335,2.75,2.5,3.75,Study 2
FKu18YWhNLG0Zj_F_sUOTm2KGIizY8HeZQxTre-xLIXz_1-w_kjpLgTzg83vpT2X,CB,2,3,2,2,3,2,3,6,6,6,7,6,7,6,6,6,7,7,6,7,7,3,4,4,4,4,2,16,m,1,NA,Colored badges,6.333333333333333,6.25,6.75,2.25,Study 2
RkUIyc8EEEQdl2tQen0YIG_yRn7ar1Tei0ByrAPH4P8LyIYLhTbfDqLWw8k94dMY,CB,3,4,3,3,2,2,2,4,6,7,4,5,5,4,5,6,4,4,6,6,4,4,4,4,3,4,1,35,m,1,NA,Colored badges,5.166666666666667,4.75,5,3.25,Study 2
RkUIyc8EEEQdl2tQen0YIG_yRn7ar1Tei0ByrAPH4P8LyIYLhTbfDqLWw8k94dMY,CC,3,4,4,3,1,1,2,7,7,7,7,7,7,6,5,7,7,7,7,7,5,3,-999,-999,4,-999,2,35,m,1,NA,Control Condition,7,6.25,6.5,3.5,Study 2
N52y5k5P3OPbUvsQpO8CDybYK2oCSEcJw5F_v5MdE-sBoYSrXdI1jgSBxPYJOt_6,CB,2,3,2,4,3,2,3,7,6,7,7,7,7,7,7,7,7,5,7,7,7,4,4,4,4,4,1,16,f,-999,Teacher,Colored badges,6.833333333333333,7,6.5,2.75,Study 2
N52y5k5P3OPbUvsQpO8CDybYK2oCSEcJw5F_v5MdE-sBoYSrXdI1jgSBxPYJOt_6,GB,1,2,2,2,3,1,4,5,6,6,4,5,4,5,4,4,4,4,4,4,5,1,1,1,1,1,2,16,f,-999,Teacher,Greyed out badges,5,4.25,4.25,1.75,Study 2
_0LBERMq4qxl6gAaAZT_WhaagL3Ij8spzZ1xJzIKMll3vNYyOhuYG1oPEFqjcuVD,GB,2,3,2,3,3,2,3,5,6,6,6,5,5,6,5,6,6,6,6,6,6,1,1,1,1,1,1,16,m,1,NA,Greyed out badges,5.5,5.75,6,2.5,Study 2
_0LBERMq4qxl6gAaAZT_WhaagL3Ij8spzZ1xJzIKMll3vNYyOhuYG1oPEFqjcuVD,CB,2,3,2,3,3,2,3,7,6,7,7,6,7,7,7,6,6,6,7,6,6,4,4,4,4,4,2,16,m,1,NA,Colored badges,6.666666666666667,6.5,6.25,2.5,Study 2
Nh-TpczuFkrArKh7QGoxGaibQjyOEeCiRjQlyRyBI7t2eF0rmruuqOHee0V6zYQ0,GB,2,4,1,2,2,3,2,5,5,7,2,3,3,6,6,4,6,6,6,4,4,-999,-999,-999,-999,-999,1,16,f,1,NA,Greyed out badges,4.166666666666667,5.5,5,2.25,Study 2
Nh-TpczuFkrArKh7QGoxGaibQjyOEeCiRjQlyRyBI7t2eF0rmruuqOHee0V6zYQ0,CB,2,3,2,3,2,3,2,5,5,4,4,3,5,5,5,5,3,3,4,4,4,-999,4,4,-999,4,2,16,f,1,NA,Colored badges,4.333333333333333,4.5,3.75,2.5,Study 2
8sAunf8ZTBcZWgKokCHo7RM3O2z0WuiP6kfP5NT8nESSUgyI4fNqeVdll0Ggv5hA,GB,3,1,1,1,3,2,3,6,7,6,7,7,7,6,6,7,7,6,6,7,7,4,1,1,1,1,1,16,f,1,NA,Greyed out badges,6.666666666666667,6.5,6.5,1.5,Study 2
8sAunf8ZTBcZWgKokCHo7RM3O2z0WuiP6kfP5NT8nESSUgyI4fNqeVdll0Ggv5hA,CB,3,1,2,1,4,1,4,7,7,7,7,7,7,6,7,7,7,6,6,7,7,4,4,4,4,4,2,16,f,1,NA,Colored badges,7,6.75,6.5,1.75,Study 2
aEra5tB4gvPFAlUtC7aODpLnkMFZx0thqbH4sKrNTC-RG_n163VOyMMDiU6anCRz,GB,2,4,3,3,3,2,3,5,6,5,7,3,5,6,6,5,5,5,5,5,6,1,1,1,1,1,1,16,f,-999,Department Research Assistant,Greyed out badges,5.166666666666667,5.5,5.25,3,Study 2
aEra5tB4gvPFAlUtC7aODpLnkMFZx0thqbH4sKrNTC-RG_n163VOyMMDiU6anCRz,CB,1,2,1,2,4,1,4,7,7,7,7,7,7,7,7,7,7,7,7,7,7,4,4,4,4,4,2,16,f,-999,Department Research Assistant,Colored badges,7,7,7,1.5,Study 2
ZrugzfCrhndONuIepRNkBitjnBX3YYnRflkwTznCJmCCJzNYCH0HsDuitcbhWADp,GB,2,2,3,3,2,2,2,4,4,4,3,4,4,4,4,4,3,4,4,3,3,1,1,1,1,1,1,16,m,1,NA,Greyed out badges,3.8333333333333335,3.75,3.5,2.5,Study 2
ZrugzfCrhndONuIepRNkBitjnBX3YYnRflkwTznCJmCCJzNYCH0HsDuitcbhWADp,CB,2,2,2,2,3,2,3,6,4,5,5,4,4,4,5,4,5,4,4,6,6,4,4,4,4,4,2,16,m,1,NA,Colored badges,4.666666666666667,4.5,5,2,Study 2
qmFiTNPhahhII1ZGB7riIwY4juNKq7b0Z0JPVLX8KYibspuYBKRri-m2GClNgw_u,CB,1,3,2,3,3,2,3,6,6,5,6,4,6,6,6,4,4,5,5,6,6,4,4,4,4,4,1,16,f,1,NA,Colored badges,5.5,5,5.5,2.25,Study 2
qmFiTNPhahhII1ZGB7riIwY4juNKq7b0Z0JPVLX8KYibspuYBKRri-m2GClNgw_u,GB,1,3,2,1,2,2,2,5,5,4,5,4,5,5,5,4,4,5,5,5,5,1,1,1,1,1,2,16,f,1,NA,Greyed out badges,4.666666666666667,4.5,5,1.75,Study 2
bDMWbFUK2IRZpMGm4msYWnDC9grUKbKrTYKAWcPag1HFxuaPx7deGOUyKjTCcZFh,GB,4,4,3,4,3,2,2,5,5,3,3,2,2,4,3,4,4,4,4,3,4,1,1,1,1,1,1,16,f,1,NA,Greyed out badges,3.3333333333333335,3.75,3.75,3.75,Study 2
bDMWbFUK2IRZpMGm4msYWnDC9grUKbKrTYKAWcPag1HFxuaPx7deGOUyKjTCcZFh,CC,2,2,1,2,3,2,3,5,6,6,5,6,6,5,5,6,6,6,6,6,6,4,-999,-999,3,-999,2,16,f,1,NA,Control Condition,5.666666666666667,5.5,6,1.75,Study 2
UvGpHVQAKeuP18UjMoqtSUHkqUa2OsXUwaK-M0ps-OSWCvpY0mmOVE0XfBHwduhw,GB,3,2,4,3,4,2,4,6,6,6,4,3,7,5,6,6,4,5,6,4,6,1,1,1,1,1,1,16,m,1,NA,Greyed out badges,5.333333333333333,5.25,5.25,3,Study 2
UvGpHVQAKeuP18UjMoqtSUHkqUa2OsXUwaK-M0ps-OSWCvpY0mmOVE0XfBHwduhw,CC,3,2,2,3,3,2,2,7,6,7,5,5,6,7,5,6,4,4,4,6,5,1,-999,1,1,1,2,16,m,1,NA,Control Condition,6,5.5,4.75,2.5,Study 2
tKJBujWP6aB__XGzgJ8qA7F64QlPCOLqvm1zZ7eYiJMhrhl_WUdIiZBUDAYP5B_t,CC,2,3,2,3,3,2,3,5,5,5,4,5,5,5,4,4,4,4,4,5,4,3,3,3,2,3,1,16,f,1,NA,Control Condition,4.833333333333333,4.25,4.25,2.5,Study 2
tKJBujWP6aB__XGzgJ8qA7F64QlPCOLqvm1zZ7eYiJMhrhl_WUdIiZBUDAYP5B_t,GB,2,2,2,2,3,2,3,5,5,5,5,5,4,5,4,4,4,5,4,5,4,2,2,2,2,2,2,16,f,1,NA,Greyed out badges,4.833333333333333,4.25,4.5,2,Study 2
OznSZaY4ciH30IEKuwaYLPfWCY-CX0p81u0ZUJ5g13AP9c2M-gScAY5WYzenTMEQ,GB,2,2,2,3,4,1,4,3,5,6,1,3,3,3,2,3,3,4,3,2,4,1,1,1,1,1,1,16,f,5,NA,Greyed out badges,3.5,2.75,3.25,2.25,Study 2
OznSZaY4ciH30IEKuwaYLPfWCY-CX0p81u0ZUJ5g13AP9c2M-gScAY5WYzenTMEQ,CC,2,3,2,3,3,2,3,4,6,5,4,4,5,4,4,4,4,4,4,4,4,1,1,-999,1,1,2,16,f,5,NA,Control Condition,4.666666666666667,4,4,2.5,Study 2
ZQvZKXp3xweMU5H6OEziGN5jpFpik6l4xFkZuhI48YKXYZSMq_zwLQKRbXpVY9ss,CB,1,2,1,2,4,1,3,6,6,6,6,6,6,6,6,6,6,6,6,6,6,4,4,4,4,4,1,35,m,2,NA,Colored badges,6,6,6,1.5,Study 2
ZQvZKXp3xweMU5H6OEziGN5jpFpik6l4xFkZuhI48YKXYZSMq_zwLQKRbXpVY9ss,CC,1,2,2,2,3,2,3,6,6,6,6,6,6,6,6,6,6,6,6,6,6,3,2,2,3,2,2,35,m,2,NA,Control Condition,6,6,6,1.75,Study 2
qbNDsPcohvLDNSJ_TQdpi2HXNt5b7HIxCxdqPVOLFDvGrcnuoMDxmgllUZXZ6tWQ,CB,2,3,3,3,2,3,2,5,5,5,5,3,4,6,6,4,3,5,4,4,4,3,4,4,3,2,1,16,m,-999,Social Worker,Colored badges,4.5,4.75,4.25,2.75,Study 2
qbNDsPcohvLDNSJ_TQdpi2HXNt5b7HIxCxdqPVOLFDvGrcnuoMDxmgllUZXZ6tWQ,GB,2,4,4,3,2,3,1,5,5,6,3,4,5,3,4,6,3,3,4,4,5,2,1,1,3,3,2,16,m,-999,Social Worker,Greyed out badges,4.666666666666667,4,4,3.25,Study 2
3kZDElCtGHFCIbCL5bCiliLqqGwywL5LLX5kk7R1XNyJC0bKE9Mh6tBzXz_AERiX,CC,1,2,1,2,3,2,3,7,6,7,7,6,6,6,7,6,6,5,6,6,6,3,-999,1,-999,-999,1,16,m,1,NA,Control Condition,6.5,6.25,5.75,1.5,Study 2
3kZDElCtGHFCIbCL5bCiliLqqGwywL5LLX5kk7R1XNyJC0bKE9Mh6tBzXz_AERiX,CB,1,2,1,2,2,3,2,7,7,6,7,6,6,7,7,6,7,6,7,6,6,3,4,4,4,4,2,16,m,1,NA,Colored badges,6.5,6.75,6.25,1.5,Study 2
qOcEDY4pBkdigCgT1J2mOHCzhJWywNwBTzvibXQop4F6-DXM4mGJZNlKBX5noo1e,CB,1,2,2,2,3,2,3,6,6,5,6,5,4,5,5,4,6,4,5,4,5,4,4,4,4,4,1,16,m,1,NA,Colored badges,5.333333333333333,5,4.5,1.75,Study 2
qOcEDY4pBkdigCgT1J2mOHCzhJWywNwBTzvibXQop4F6-DXM4mGJZNlKBX5noo1e,CC,2,2,3,2,3,3,3,6,6,4,6,6,6,4,4,6,5,4,4,6,6,-999,-999,-999,-999,-999,2,16,m,1,NA,Control Condition,5.666666666666667,4.75,5,2.25,Study 2
vEG7zLgPzWKRhl8Wz7y5dYOA1J9AqOGlfYa1_pAzgvbjQ5xtW0UFRyyf1DTjlx3l,CB,1,1,1,1,4,1,4,7,7,7,7,5,7,7,7,7,7,7,7,7,7,4,4,4,4,4,1,16,f,1,NA,Colored badges,6.666666666666667,7,7,1,Study 2
vEG7zLgPzWKRhl8Wz7y5dYOA1J9AqOGlfYa1_pAzgvbjQ5xtW0UFRyyf1DTjlx3l,GB,2,2,2,2,2,2,2,4,4,4,2,2,3,4,4,3,4,4,3,4,1,2,1,1,1,1,2,16,f,1,NA,Greyed out badges,3.1666666666666665,3.75,3,2,Study 2
6WXjK_nrR7xSxPz4dxuKscLefsmsoxKL40rChDq9AVZUARatmcSiidu6OE7xN5--,GB,3,4,2,4,2,2,2,4,4,4,4,4,4,4,3,4,4,3,3,2,4,1,1,1,1,1,1,35,f,-999,Student,Greyed out badges,4,3.75,3,3.25,Study 2
6WXjK_nrR7xSxPz4dxuKscLefsmsoxKL40rChDq9AVZUARatmcSiidu6OE7xN5--,CB,2,3,2,3,2,2,2,6,6,6,6,5,5,5,6,6,6,6,6,6,6,3,3,3,3,3,2,35,f,-999,Student,Colored badges,5.666666666666667,5.75,6,2.5,Study 2
oga_WeJde-u88YqjwAjDpCDAbYOcThd-Q1ye38wdN3GKq617suUB_0s56FQs4OX-,GB,4,4,4,4,3,2,3,6,6,6,6,6,4,6,4,4,3,6,4,6,6,1,1,1,1,1,1,16,f,5,NA,Greyed out badges,5.666666666666667,4.25,5.5,4,Study 2
oga_WeJde-u88YqjwAjDpCDAbYOcThd-Q1ye38wdN3GKq617suUB_0s56FQs4OX-,CC,1,3,1,3,4,1,4,7,7,7,7,7,7,7,7,7,7,7,7,7,7,4,4,4,4,4,2,16,f,5,NA,Control Condition,7,7,7,2,Study 2
uCB5AVgrCmMZPhSzq8BvAxQY2vCWLDODGDvopNBDCox7kDonVm0t16X0lnyLYRLv,CC,3,3,3,3,3,2,3,5,5,5,5,5,5,4,4,4,4,4,4,5,4,3,3,3,3,3,1,35,f,-999,CPD - Ongoing training as part of my job,Control Condition,5,4,4.25,3,Study 2
uCB5AVgrCmMZPhSzq8BvAxQY2vCWLDODGDvopNBDCox7kDonVm0t16X0lnyLYRLv,CB,3,2,3,2,3,2,3,4,5,5,5,5,5,4,4,4,4,4,4,4,4,2,3,2,3,3,2,35,f,-999,CPD - Ongoing training as part of my job,Colored badges,4.833333333333333,4,4,2.5,Study 2
rAo63zKbBHJtvo5hzTCoN0_nPWTZhgWFNKVBBAmuRh3mZlNod235QivZCebW0iwr,GB,3,3,2,3,3,3,2,5,4,5,5,4,4,5,5,4,4,5,4,4,4,2,2,3,2,3,1,16,f,-999,Admin Assitant,Greyed out badges,4.5,4.5,4.25,2.75,Study 2
rAo63zKbBHJtvo5hzTCoN0_nPWTZhgWFNKVBBAmuRh3mZlNod235QivZCebW0iwr,CC,3,2,2,3,3,3,2,4,4,4,4,4,4,4,4,4,4,4,4,4,4,-999,-999,-999,-999,-999,2,16,f,-999,Admin Assitant,Control Condition,4,4,4,2.5,Study 2
EMX_KqacX7A_aYblaHgJCbad0qMKDPdO9LcJHBgKDkXVyG-3mE1g6z-qGBbeuaqo,CB,2,3,3,4,2,2,2,5,6,6,4,4,5,4,4,5,4,3,3,4,4,4,4,4,4,4,1,16,f,-999,Employed,Colored badges,5,4.25,3.5,3,Study 2
EMX_KqacX7A_aYblaHgJCbad0qMKDPdO9LcJHBgKDkXVyG-3mE1g6z-qGBbeuaqo,GB,2,3,2,3,3,2,3,5,6,7,6,5,5,6,5,6,5,5,6,6,5,1,1,1,2,1,2,16,f,-999,Employed,Greyed out badges,5.666666666666667,5.5,5.5,2.5,Study 2
LyYXTUM0bHu-2-NCmYVi4HrdrF6QndCwddHmXzUlIZ0JB8CoQBiqN3BhjFeeBJzs,CB,3,4,3,3,2,3,2,3,4,3,3,3,3,4,4,3,3,3,2,3,3,-999,4,4,4,4,1,16,f,-999,Therapist,Colored badges,3.1666666666666665,3.5,2.75,3.25,Study 2
LyYXTUM0bHu-2-NCmYVi4HrdrF6QndCwddHmXzUlIZ0JB8CoQBiqN3BhjFeeBJzs,GB,3,2,2,2,2,2,3,7,5,6,6,7,5,6,6,6,5,5,6,6,5,1,1,1,1,1,2,16,f,-999,Therapist,Greyed out badges,6,5.75,5.5,2.25,Study 2
TdpzVP8bL83PuJ6HvcR_35nb1aOrgvDYrnWmn77aGW1_YeUPEYUeP-AvJZ0Mxrx2,CB,1,2,2,2,3,2,3,6,6,6,6,5,5,6,6,5,6,5,7,5,5,3,4,4,3,4,1,16,f,-999,Postgraduate student,Colored badges,5.666666666666667,5.75,5.5,1.75,Study 2
TdpzVP8bL83PuJ6HvcR_35nb1aOrgvDYrnWmn77aGW1_YeUPEYUeP-AvJZ0Mxrx2,GB,2,2,2,2,3,2,3,4,5,5,5,4,4,4,4,4,4,4,4,4,5,2,1,1,-999,1,2,16,f,-999,Postgraduate student,Greyed out badges,4.5,4,4.25,2,Study 2
2j007N_47pVp_3cGHjUkQQA6r3jEyLB2xRWOA4i60QtRKy0FJk8NWeZ1M75Gj6OA,CB,1,3,1,3,3,1,3,6,5,6,6,5,6,6,6,5,5,5,5,6,5,3,4,4,-999,4,1,16,m,3,NA,Colored badges,5.666666666666667,5.5,5.25,2,Study 2
2j007N_47pVp_3cGHjUkQQA6r3jEyLB2xRWOA4i60QtRKy0FJk8NWeZ1M75Gj6OA,CC,2,2,2,3,2,2,3,5,5,5,5,5,5,5,4,5,4,4,4,4,5,-999,-999,-999,-999,-999,2,16,m,3,NA,Control Condition,5,4.5,4.25,2.25,Study 2
EE4pJXgiS3GOxXbH4MUvx2kAtWfxMQgupb-12mNwEC8byUIGrmvc5Kce2vU3tDSF,GB,3,2,3,3,3,2,3,4,5,5,5,5,5,6,5,5,5,5,5,5,5,1,1,1,1,1,1,35,m,-999,HR,Greyed out badges,4.833333333333333,5.25,5,2.75,Study 2
EE4pJXgiS3GOxXbH4MUvx2kAtWfxMQgupb-12mNwEC8byUIGrmvc5Kce2vU3tDSF,CB,1,2,2,3,3,2,3,6,6,6,6,6,6,6,6,6,6,6,6,6,6,4,4,4,4,4,2,35,m,-999,HR,Colored badges,6,6,6,2,Study 2
xt-Smzt9barhPwOx_fvY6hXMbUKk7a6dPTLsbO_FQpX0cbfIk4c7KtHL51h0RZuW,CC,2,4,3,4,2,3,2,2,2,3,3,2,3,3,4,4,4,4,7,5,4,-999,-999,-999,-999,-999,1,16,f,1,NA,Control Condition,2.5,3.75,5,3.25,Study 2
xt-Smzt9barhPwOx_fvY6hXMbUKk7a6dPTLsbO_FQpX0cbfIk4c7KtHL51h0RZuW,CB,1,2,1,2,4,1,4,7,7,7,7,7,7,6,6,6,6,6,6,6,6,4,4,4,4,4,2,16,f,1,NA,Colored badges,7,6,6,1.5,Study 2
TL1QVVysH117mVqpXoA111geuolXpYznKYgkB5X9n8w4-RiYZhetr5bXYmwODn1Q,CB,2,2,1,2,2,2,2,5,5,6,5,5,5,4,5,5,5,4,5,5,4,4,4,4,4,4,1,50,f,-999,Run charity,Colored badges,5.166666666666667,4.75,4.5,1.75,Study 2
TL1QVVysH117mVqpXoA111geuolXpYznKYgkB5X9n8w4-RiYZhetr5bXYmwODn1Q,GB,2,2,2,2,2,2,2,5,5,5,5,5,5,4,5,4,5,4,5,5,4,3,1,1,3,1,2,50,f,-999,Run charity,Greyed out badges,5,4.5,4.5,2,Study 2
ZfzZBGY6UQyM8r3vt9j6Bg-pQf-I3eUydOG4vOR9Z67BljOzLFHsFL5_tvL2Z0ol,CB,2,4,2,3,4,1,3,6,6,6,6,6,6,7,6,7,7,7,7,7,7,4,4,4,4,4,1,16,f,-999,Assistant Psychological Wellbeing Practitioner,Colored badges,6,6.75,7,2.75,Study 2
ZfzZBGY6UQyM8r3vt9j6Bg-pQf-I3eUydOG4vOR9Z67BljOzLFHsFL5_tvL2Z0ol,CC,2,3,2,3,2,3,2,7,6,7,7,7,7,7,6,6,6,6,6,7,6,-999,-999,-999,-999,-999,2,16,f,-999,Assistant Psychological Wellbeing Practitioner,Control Condition,6.833333333333333,6.25,6.25,2.5,Study 2
6poFjGVdllrAzgmjnaziWVi6o3gDxFyUzgAaTy-s_E6BtSscKpdMWeeRf4RaCEow,CB,2,2,2,2,2,3,3,7,7,7,7,7,7,7,7,7,7,7,7,7,7,4,4,4,4,4,1,16,f,1,NA,Colored badges,7,7,7,2,Study 2
6poFjGVdllrAzgmjnaziWVi6o3gDxFyUzgAaTy-s_E6BtSscKpdMWeeRf4RaCEow,CC,3,3,3,3,3,1,3,7,7,7,7,7,7,7,7,7,7,7,7,7,7,3,3,3,3,3,2,16,f,1,NA,Control Condition,7,7,7,3,Study 2
xgeflw2cGgFzvQ-QHw2cKFCDl5W45cY1exr4KcC6IYsCnFmEsTnxdi4j8HFCSbxV,GB,3,3,2,3,3,2,3,5,4,4,5,4,4,3,5,5,5,5,5,5,5,1,1,1,1,1,1,35,m,-999,Social Work Graduate,Greyed out badges,4.333333333333333,4.5,5,2.75,Study 2
xgeflw2cGgFzvQ-QHw2cKFCDl5W45cY1exr4KcC6IYsCnFmEsTnxdi4j8HFCSbxV,CC,2,2,2,3,3,2,3,5,5,5,5,5,5,5,5,5,5,5,5,5,5,4,3,-999,4,4,2,35,m,-999,Social Work Graduate,Control Condition,5,5,5,2.25,Study 2
BFhMJh1KAj3fH8SzqPauFU1N3TpSj1JS_AJJe_viumReVrXJ-6u6DOdg5kN5OMp9,CC,1,2,3,2,4,1,4,6,5,6,6,4,6,4,4,6,6,5,6,6,6,-999,-999,-999,3,-999,1,16,f,1,NA,Control Condition,5.5,5,5.75,2,Study 2
BFhMJh1KAj3fH8SzqPauFU1N3TpSj1JS_AJJe_viumReVrXJ-6u6DOdg5kN5OMp9,GB,1,2,3,2,2,3,2,3,4,4,3,3,4,3,3,4,3,4,3,4,3,1,1,1,2,1,2,16,f,1,NA,Greyed out badges,3.5,3.25,3.5,2,Study 2
9Oa6C0TLHXQl2MIpvZa2NBmfk6DjMVOJPNeet0Rbtk-rJxK-75cbHJOp4pMWTodw,CC,2,4,2,2,3,2,3,5,6,5,5,5,6,5,6,4,4,5,4,5,4,3,-999,-999,2,-999,1,16,m,2,NA,Control Condition,5.333333333333333,4.75,4.5,2.5,Study 2
9Oa6C0TLHXQl2MIpvZa2NBmfk6DjMVOJPNeet0Rbtk-rJxK-75cbHJOp4pMWTodw,GB,2,2,2,3,3,2,3,5,6,6,6,5,6,4,5,4,5,4,5,5,5,2,1,1,3,1,2,16,m,2,NA,Greyed out badges,5.666666666666667,4.5,4.75,2.25,Study 2
7lLbuunqaYGpKvoMdYrmgEJjez3M4xqXSZ4V8U2JyKQ5CBqK8aPMJ83EgAFpYzDI,CC,1,2,2,2,3,2,3,6,6,6,6,5,6,7,5,5,5,5,6,6,6,3,3,-999,3,3,1,16,f,1,NA,Control Condition,5.833333333333333,5.5,5.75,1.75,Study 2
7lLbuunqaYGpKvoMdYrmgEJjez3M4xqXSZ4V8U2JyKQ5CBqK8aPMJ83EgAFpYzDI,GB,2,2,2,2,2,2,3,6,6,6,5,5,6,6,5,5,5,5,5,5,5,2,1,1,3,1,2,16,f,1,NA,Greyed out badges,5.666666666666667,5.25,5,2,Study 2
yzcYJzTOO-h-g2F-k617yAdeWI8P8dxJHYp0Umny_HUUMT99tVdOMz8St__wRiRP,GB,2,4,3,4,3,1,3,4,6,7,3,4,6,5,6,7,5,6,6,4,3,1,1,1,1,1,1,16,f,1,NA,Greyed out badges,5,5.75,4.75,3.25,Study 2
yzcYJzTOO-h-g2F-k617yAdeWI8P8dxJHYp0Umny_HUUMT99tVdOMz8St__wRiRP,CC,2,2,2,2,4,1,4,7,7,7,7,7,7,5,6,6,6,6,7,7,6,4,-999,-999,-999,-999,2,16,f,1,NA,Control Condition,7,5.75,6.5,2,Study 2
RddHBcG6CScti1_L-vFNFHfnKwSyF-gpXgNpWZxZsVdYKT5Pwybk6dyQN0bpDSEL,GB,2,3,3,3,2,2,2,5,5,4,4,5,5,3,3,3,3,3,3,3,5,1,1,1,1,1,1,16,f,-999,Psychologist,Greyed out badges,4.666666666666667,3,3.5,2.75,Study 2
RddHBcG6CScti1_L-vFNFHfnKwSyF-gpXgNpWZxZsVdYKT5Pwybk6dyQN0bpDSEL,CC,2,2,1,2,4,1,3,4,6,5,5,6,4,4,7,5,5,6,7,5,4,3,-999,-999,-999,-999,2,16,f,-999,Psychologist,Control Condition,5,5.25,5.5,1.75,Study 2
tsF2QYBGlRScaFLYNvQ1JckOT9DW_Yyt6xriHTC9YjvMJ9tL8l2eH4v5YE0IZp_x,GB,2,3,2,4,3,2,3,5,6,6,5,5,5,6,6,6,6,6,6,6,6,1,1,1,1,1,1,50,m,-999,Psychology Graduate,Greyed out badges,5.333333333333333,6,6,2.75,Study 2
tsF2QYBGlRScaFLYNvQ1JckOT9DW_Yyt6xriHTC9YjvMJ9tL8l2eH4v5YE0IZp_x,CB,2,3,2,4,3,2,3,6,6,6,6,6,6,6,6,5,6,5,6,6,5,4,4,4,4,4,2,50,m,-999,Psychology Graduate,Colored badges,6,5.75,5.5,2.75,Study 2
4EsFbFkxF0sQnaLucNK7itm1MTLYucT8epQVuSRojFWdThBZPEW69pSUK4M7DkOM,GB,1,2,2,3,3,2,2,6,6,6,6,6,6,6,5,6,6,6,6,6,5,1,1,1,1,1,1,16,f,-999,Policy Analyst,Greyed out badges,6,5.75,5.75,2,Study 2
4EsFbFkxF0sQnaLucNK7itm1MTLYucT8epQVuSRojFWdThBZPEW69pSUK4M7DkOM,CC,1,2,1,2,3,2,3,6,6,6,6,6,6,6,6,6,6,6,6,6,6,3,-999,-999,1,-999,2,16,f,-999,Policy Analyst,Control Condition,6,6,6,1.5,Study 2
zZ-ml4XnDHRQMjmEtNV9Cddz8H7LHAqmVEsjnv1gWP87zkFna95tMk9rMP-DMU23,GB,1,1,3,1,4,1,4,7,7,7,5,7,7,6,6,7,7,7,7,7,7,3,1,1,1,1,1,16,f,-999,Graduate with part-time job,Greyed out badges,6.666666666666667,6.5,7,1.5,Study 2
zZ-ml4XnDHRQMjmEtNV9Cddz8H7LHAqmVEsjnv1gWP87zkFna95tMk9rMP-DMU23,CC,1,2,3,2,4,1,4,7,7,7,7,7,7,7,7,7,7,7,7,7,7,4,-999,-999,-999,-999,2,16,f,-999,Graduate with part-time job,Control Condition,7,7,7,2,Study 2
CKYyMrvq3eXto_cbB535XcAIbN82kC2lPJQNznWmX1saOcl5JyFzU15-6cTOam-m,CC,1,3,3,2,3,2,3,7,6,7,6,5,7,5,5,4,5,4,7,7,6,3,3,3,3,4,1,16,m,1,NA,Control Condition,6.333333333333333,4.75,6,2.25,Study 2
CKYyMrvq3eXto_cbB535XcAIbN82kC2lPJQNznWmX1saOcl5JyFzU15-6cTOam-m,GB,2,2,2,2,3,1,2,6,5,5,5,5,5,6,7,6,7,6,4,7,7,2,1,1,1,1,2,16,m,1,NA,Greyed out badges,5.166666666666667,6.5,6,2,Study 2
w_d0WXjXC_uMLV9hPE5rYM1uO2JlDhHrwQNM5K1Nl_Al5Jwjcmh_RO8ZagdNAxfg,CB,3,3,2,3,2,2,2,5,4,6,5,4,5,3,3,3,4,4,4,5,3,2,2,4,2,2,1,16,f,-999,Master student,Colored badges,4.833333333333333,3.25,4,2.75,Study 2
w_d0WXjXC_uMLV9hPE5rYM1uO2JlDhHrwQNM5K1Nl_Al5Jwjcmh_RO8ZagdNAxfg,CC,4,3,2,1,2,2,2,6,2,4,6,4,3,3,5,4,5,4,5,3,3,4,3,2,3,4,2,16,f,-999,Master student,Control Condition,4.166666666666667,4.25,3.75,2.5,Study 2
4iK0Li7xgGg_F0F0Uiv4SDgP4EJOiIZR8RmZR7CFGESvMyJc9euTnfs9HziiZYRS,GB,1,2,1,3,3,2,3,6,5,7,7,6,6,7,6,6,6,6,5,7,6,-999,-999,-999,-999,3,1,16,f,5,NA,Greyed out badges,6.166666666666667,6.25,6,1.75,Study 2
4iK0Li7xgGg_F0F0Uiv4SDgP4EJOiIZR8RmZR7CFGESvMyJc9euTnfs9HziiZYRS,CB,3,3,2,3,3,2,3,7,6,7,7,6,6,6,7,6,7,6,7,5,7,2,2,2,2,-999,2,16,f,5,NA,Colored badges,6.5,6.5,6.25,2.75,Study 2
kuWcZ4KXjz5IUhRJrpDJqN8-kbRTXAb0BryWJ3_b8ruz2rQIW365mxOjUfAiORTg,CB,3,2,3,4,3,2,3,3,3,4,4,3,3,3,3,3,3,3,3,3,4,4,4,4,4,4,1,16,f,1,NA,Colored badges,3.3333333333333335,3,3.25,3,Study 2
kuWcZ4KXjz5IUhRJrpDJqN8-kbRTXAb0BryWJ3_b8ruz2rQIW365mxOjUfAiORTg,GB,2,2,3,2,3,2,3,4,4,3,4,3,5,5,4,3,3,5,3,5,5,1,1,1,1,1,2,16,f,1,NA,Greyed out badges,3.8333333333333335,3.75,4.5,2.25,Study 2
TrGwifk-BMsJPDy6OzMK0tE2wLHdHhDkknNtEugZ2uGedgx4ErASgBvtRW7gSPaJ,GB,2,1,1,3,1,4,1,2,5,6,3,2,3,4,2,3,2,3,2,3,4,1,1,1,1,1,1,50,m,-999,Children's Commissioner,Greyed out badges,3.5,2.75,3,1.75,Study 2
TrGwifk-BMsJPDy6OzMK0tE2wLHdHhDkknNtEugZ2uGedgx4ErASgBvtRW7gSPaJ,CC,2,2,1,3,4,1,4,6,6,6,6,6,5,7,6,7,7,7,6,7,7,-999,-999,-999,-999,-999,2,50,m,-999,Children's Commissioner,Control Condition,5.833333333333333,6.75,6.75,2,Study 2
kZqU3Zu1e0KbR_cQ30VadxqJ50zvoh4sksfLHqEth3kQpd975AJXsaDHuklA5Vgp,GB,2,2,2,4,2,2,2,4,5,4,3,3,3,3,3,3,2,3,3,3,2,1,1,1,1,1,1,16,f,-999,prolific,Greyed out badges,3.6666666666666665,2.75,2.75,2.5,Study 2
kZqU3Zu1e0KbR_cQ30VadxqJ50zvoh4sksfLHqEth3kQpd975AJXsaDHuklA5Vgp,CC,1,1,1,2,4,1,4,7,6,7,6,6,6,6,6,6,7,6,6,6,5,4,4,4,4,4,2,16,f,-999,prolific,Control Condition,6.333333333333333,6.25,5.75,1.25,Study 2
T51RGuSPYZP5EfYNYyd_guUh3Sz7lgqUTsIpjzk5PutbiTVn4fhBGpgnHqudHe_N,CC,2,1,2,1,3,2,3,5,6,6,5,6,4,5,6,6,5,5,6,6,5,3,-999,3,3,-999,1,16,f,-999,student Msci,Control Condition,5.333333333333333,5.5,5.5,1.5,Study 2
T51RGuSPYZP5EfYNYyd_guUh3Sz7lgqUTsIpjzk5PutbiTVn4fhBGpgnHqudHe_N,GB,2,2,1,3,3,3,2,3,3,4,3,3,5,2,2,2,3,2,3,3,3,1,1,1,1,1,2,16,f,-999,student Msci,Greyed out badges,3.5,2.25,2.75,2,Study 2
Yv6bTSMgaS6k19rlCCYMoD1uR-lBWa8huFsfgTMIZJbY0RMSafceY1x55RHqygzH,CB,2,3,2,3,3,3,3,3,4,4,4,4,4,4,5,4,4,3,4,3,4,2,4,4,4,3,1,16,f,-999,Student,Colored badges,3.8333333333333335,4.25,3.5,2.5,Study 2
Yv6bTSMgaS6k19rlCCYMoD1uR-lBWa8huFsfgTMIZJbY0RMSafceY1x55RHqygzH,GB,2,2,2,2,3,3,3,5,5,5,5,5,4,5,5,5,5,5,5,5,5,1,1,1,1,1,2,16,f,-999,Student,Greyed out badges,4.833333333333333,5,5,2,Study 2
YyHnXZFy4_q2W1F_I8T2lXyX0N-cNsDkManhXYkyMXXiCY6GrK_lCFN0-nfdgypu,CB,2,2,2,2,2,2,2,3,3,2,2,2,2,4,4,4,4,4,4,4,4,4,4,3,4,4,1,16,f,-999,NA,Colored badges,2.3333333333333335,4,4,2,Study 2
YyHnXZFy4_q2W1F_I8T2lXyX0N-cNsDkManhXYkyMXXiCY6GrK_lCFN0-nfdgypu,CC,2,2,2,2,2,2,2,3,3,2,2,3,2,4,4,4,4,4,4,4,4,2,1,1,1,1,2,16,f,-999,NA,Control Condition,2.5,4,4,2,Study 2
5IeMGG6s6GtRJO7w1I27qDn7yUzFkOdSUY-2-Dgafi-0UGYvxtUn8DtWkPCSamE3,GB,1,3,2,3,3,2,3,4,5,5,5,4,4,5,5,5,5,5,5,5,4,2,1,1,1,1,1,16,f,1,NA,Greyed out badges,4.5,5,4.75,2.25,Study 2
5IeMGG6s6GtRJO7w1I27qDn7yUzFkOdSUY-2-Dgafi-0UGYvxtUn8DtWkPCSamE3,CC,1,2,1,2,4,1,4,6,6,6,6,6,6,6,6,6,6,5,6,6,6,4,-999,-999,-999,-999,2,16,f,1,NA,Control Condition,6,6,5.75,1.5,Study 2
BN9bdXYSM_T_W6A8z_wAm7AOHmLVBTv0oRap4U7XhBswxyljnS2V90E7v7LjA6ql,CB,3,3,2,3,3,2,3,5,5,5,5,5,5,5,5,5,5,5,5,5,5,3,3,4,3,3,1,16,f,-999,practitioner,Colored badges,5,5,5,2.75,Study 2
BN9bdXYSM_T_W6A8z_wAm7AOHmLVBTv0oRap4U7XhBswxyljnS2V90E7v7LjA6ql,GB,2,3,2,3,2,2,2,4,4,4,4,2,4,5,4,4,4,4,3,4,4,2,2,1,1,1,2,16,f,-999,practitioner,Greyed out badges,3.6666666666666665,4.25,3.75,2.5,Study 2
6SkfWKJgNhZIc2xBBagWQbdF5WnZJu3IKOYk2JKa6OLriuRW0pkug3B1RXZvHMLb,CB,2,2,3,3,3,1,3,7,7,7,6,4,4,6,6,6,6,4,6,6,6,3,4,4,4,4,1,16,f,1,NA,Colored badges,5.833333333333333,6,5.5,2.5,Study 2
6SkfWKJgNhZIc2xBBagWQbdF5WnZJu3IKOYk2JKa6OLriuRW0pkug3B1RXZvHMLb,CC,1,3,2,2,2,3,3,6,6,5,6,6,6,5,6,6,6,4,5,6,6,2,3,3,3,4,2,16,f,1,NA,Control Condition,5.833333333333333,5.75,5.25,2,Study 2
6G29fRRAYthus_7bOeiqFRcEzyvz7GdgGP9rvHZ7GXeIkkbbjpUVqJlqqwTiDgRN,CC,1,2,2,3,3,2,3,7,7,7,7,6,6,6,6,6,6,6,6,4,4,3,3,2,2,3,1,16,f,-999,Assistant Psychologist,Control Condition,6.666666666666667,6,5,2,Study 2
6G29fRRAYthus_7bOeiqFRcEzyvz7GdgGP9rvHZ7GXeIkkbbjpUVqJlqqwTiDgRN,CB,1,2,2,3,4,1,3,7,7,7,7,7,7,6,7,6,7,6,6,6,6,4,4,4,4,4,2,16,f,-999,Assistant Psychologist,Colored badges,7,6.5,6,2,Study 2
NHtK30OCgnDWkfCVir6Me3R0M5p_c2B2JymR6haQ1p4fpzjqtRyJ7ALqTD92KnBG,CC,1,2,2,2,3,1,3,7,7,7,7,7,7,6,6,6,6,6,6,6,7,2,-999,-999,-999,-999,1,16,m,1,NA,Control Condition,7,6,6.25,1.75,Study 2
NHtK30OCgnDWkfCVir6Me3R0M5p_c2B2JymR6haQ1p4fpzjqtRyJ7ALqTD92KnBG,CB,3,3,4,3,2,2,2,6,7,6,6,6,5,6,6,5,6,6,6,6,5,3,4,4,4,4,2,16,m,1,NA,Colored badges,6,5.75,5.75,3.25,Study 2
xDuo2diMuygwvW-mc96KWm_BQTV5iXB1cFWHf1G5oonPa4xZ0aw_LDWWVtM8y0T1,CC,2,2,3,3,4,1,4,7,7,7,7,7,7,7,7,7,7,7,7,7,7,-999,-999,-999,-999,-999,1,16,m,-999,Data Analyst,Control Condition,7,7,7,2.5,Study 2
xDuo2diMuygwvW-mc96KWm_BQTV5iXB1cFWHf1G5oonPa4xZ0aw_LDWWVtM8y0T1,GB,2,2,3,2,3,2,3,7,6,6,7,7,7,7,7,7,7,7,6,7,7,3,-999,-999,3,3,2,16,m,-999,Data Analyst,Greyed out badges,6.666666666666667,7,6.75,2.25,Study 2
4tClWA0bAR4JmKkyh7t-DOie0T4tOL8sMp8r4snYLa6bbYyz5z3GVbujWz72NYwB,CB,1,2,2,2,3,2,3,6,6,6,6,6,6,6,6,6,5,4,4,4,5,4,4,4,4,4,1,16,f,2,NA,Colored badges,6,5.75,4.25,1.75,Study 2
4tClWA0bAR4JmKkyh7t-DOie0T4tOL8sMp8r4snYLa6bbYyz5z3GVbujWz72NYwB,GB,3,3,3,2,2,3,2,4,5,5,4,4,5,4,4,4,4,4,4,3,4,2,2,2,2,2,2,16,f,2,NA,Greyed out badges,4.5,4,3.75,2.75,Study 2
jI9kph2aTwptQMTIrNrvk3bFSrkudjRjDjxsqhZiZqCqOo691X7cf2t0JtFv5UP1,CC,3,4,3,4,3,2,3,6,6,6,6,6,6,6,6,5,5,5,5,5,5,2,1,2,3,2,1,35,f,1,NA,Control Condition,6,5.5,5,3.5,Study 2
jI9kph2aTwptQMTIrNrvk3bFSrkudjRjDjxsqhZiZqCqOo691X7cf2t0JtFv5UP1,GB,3,2,2,3,3,2,3,5,5,5,5,5,5,4,5,4,5,5,4,5,5,1,1,1,1,1,2,35,f,1,NA,Greyed out badges,5,4.5,4.75,2.5,Study 2
OXRxDJspBx3HDHzQWCyEKwsaL-P4Rsqc9bNeyh83n5QF7ExF7XLpmBW7FwVSBMB-,CC,4,2,4,3,2,2,1,7,7,7,7,7,7,7,7,7,7,7,7,7,7,-999,-999,-999,-999,-999,1,16,f,1,NA,Control Condition,7,7,7,3.25,Study 2
OXRxDJspBx3HDHzQWCyEKwsaL-P4Rsqc9bNeyh83n5QF7ExF7XLpmBW7FwVSBMB-,CB,4,2,4,2,2,1,4,7,7,7,7,7,7,7,7,7,7,7,7,7,7,4,4,4,4,4,2,16,f,1,NA,Colored badges,7,7,7,3,Study 2
XXHsTuAi_0KsXNlE23ADL15SFr-tqH40xTNrjGMz7aVwdnpHZk1G3NPTNBFiLzRV,GB,3,3,2,4,3,2,3,3,5,4,3,4,2,4,3,3,3,5,3,5,5,1,1,1,1,1,1,16,f,-999,deputy manager,Greyed out badges,3.5,3.25,4.5,3,Study 2
XXHsTuAi_0KsXNlE23ADL15SFr-tqH40xTNrjGMz7aVwdnpHZk1G3NPTNBFiLzRV,CB,2,2,2,3,2,2,3,4,3,4,3,4,4,6,4,5,6,5,4,5,5,4,4,4,4,4,2,16,f,-999,deputy manager,Colored badges,3.6666666666666665,5.25,4.75,2.25,Study 2
VVMkPPW16ShGNrGmUJRRh0cpkwIz0UFCrtMJ3U6KF0Ow2tseFTDYsxA7WWv9YEU3,CB,2,2,2,2,4,1,4,6,6,6,6,5,6,5,7,6,6,5,6,6,6,4,4,4,3,4,1,16,f,-999,Graduate Student,Colored badges,5.833333333333333,6,5.75,2,Study 2
VVMkPPW16ShGNrGmUJRRh0cpkwIz0UFCrtMJ3U6KF0Ow2tseFTDYsxA7WWv9YEU3,CC,2,2,2,2,3,2,3,6,6,6,6,6,6,5,5,4,5,5,5,6,5,3,2,2,3,2,2,16,f,-999,Graduate Student,Control Condition,6,4.75,5.25,2,Study 2
LM6nW0z1skfQGtAS-qiotzAtMAxLfxut9mBVHsbjeEmHJXB42Fc4KpWqQLK67LmO,CB,2,3,3,3,3,2,3,5,5,6,6,4,6,5,5,5,5,5,6,5,6,3,4,4,2,3,1,16,f,-999,Optical Technician,Colored badges,5.333333333333333,5,5.5,2.75,Study 2
LM6nW0z1skfQGtAS-qiotzAtMAxLfxut9mBVHsbjeEmHJXB42Fc4KpWqQLK67LmO,GB,3,3,3,3,2,3,2,3,4,5,3,4,4,3,3,4,4,3,4,4,4,1,1,1,1,1,2,16,f,-999,Optical Technician,Greyed out badges,3.8333333333333335,3.5,3.75,3,Study 2
9Eo60QayHMLRl0D3mgVIbIkXHArwHcA8zeXVqmGl0pY_XE_ilKM03pf4laa5GNqY,GB,1,4,2,4,4,1,4,5,6,6,6,6,5,4,4,5,5,5,4,5,6,1,1,1,1,1,1,16,m,-999,Patron Services Specialist,Greyed out badges,5.666666666666667,4.5,5,2.75,Study 2
9Eo60QayHMLRl0D3mgVIbIkXHArwHcA8zeXVqmGl0pY_XE_ilKM03pf4laa5GNqY,CC,2,2,2,4,4,1,4,7,7,7,7,6,7,6,6,7,7,6,7,6,7,2,-999,-999,-999,-999,2,16,m,-999,Patron Services Specialist,Control Condition,6.833333333333333,6.5,6.5,2.5,Study 2
3GNje8xgHNE_09e-E7JB6FxMHE6tjdRKV6RtTJTrG0GqkoU1oy0Gl8CFUnmj5OFM,GB,3,2,3,2,3,2,3,5,5,6,7,5,4,6,5,4,7,6,6,5,5,3,3,2,2,2,1,16,f,-999,Social worker,Greyed out badges,5.333333333333333,5.5,5.5,2.5,Study 2
3GNje8xgHNE_09e-E7JB6FxMHE6tjdRKV6RtTJTrG0GqkoU1oy0Gl8CFUnmj5OFM,CC,2,3,2,2,4,2,3,6,5,5,6,3,4,5,7,7,5,4,4,4,5,2,2,3,3,3,2,16,f,-999,Social worker,Control Condition,4.833333333333333,6,4.25,2.25,Study 2
rY0NcTqXYLNG9qAr0qORywUl_WgHZ24MX9TE9D2ZU-4rpcknuUxA1NKW8dONdFoJ,GB,2,2,4,2,2,2,2,2,4,4,2,3,3,5,2,3,3,2,2,1,4,1,1,1,1,1,1,16,f,-999,Student,Greyed out badges,3,3.25,2.25,2.5,Study 2
rY0NcTqXYLNG9qAr0qORywUl_WgHZ24MX9TE9D2ZU-4rpcknuUxA1NKW8dONdFoJ,CB,2,2,3,3,3,3,3,7,6,6,7,7,6,6,7,6,5,7,7,7,6,4,4,4,4,4,2,16,f,-999,Student,Colored badges,6.5,6,6.75,2.5,Study 2
EUambEi_-yu87txvKE8ZYtfHFolABHqCRheGxxpRPSeV7Qq--JG2ZEMD5NjfQVmJ,GB,3,4,2,3,2,1,4,5,6,6,3,5,6,5,4,5,3,6,5,5,3,1,1,1,1,1,1,16,f,-999,Student,Greyed out badges,5.166666666666667,4.25,4.75,3,Study 2
EUambEi_-yu87txvKE8ZYtfHFolABHqCRheGxxpRPSeV7Qq--JG2ZEMD5NjfQVmJ,CC,2,2,3,2,3,2,3,7,7,7,7,7,7,6,6,6,6,6,7,7,7,2,-999,-999,3,-999,2,16,f,-999,Student,Control Condition,7,6,6.75,2.25,Study 2
_jSN5oz7bbY7ttwdDLvi6c-s2OVEXqWdMjVO9-AcwvAZFxlThjiFEdj2mo9R0SlV,CB,3,4,3,3,2,3,2,7,7,7,7,7,7,7,7,6,7,5,7,7,4,4,4,4,4,4,1,16,m,1,NA,Colored badges,7,6.75,5.75,3.25,Study 2
_jSN5oz7bbY7ttwdDLvi6c-s2OVEXqWdMjVO9-AcwvAZFxlThjiFEdj2mo9R0SlV,GB,4,2,3,4,3,2,3,7,7,7,7,7,7,7,6,6,6,7,6,6,5,3,1,1,1,1,2,16,m,1,NA,Greyed out badges,7,6.25,6,3.25,Study 2
T0X0GL_zcgk4eoKk_n6s9igFEc1Wf0ylXZYswuhL132ZBDNnkzPp_WZzJ3yIcPcR,CC,2,3,3,4,3,3,3,5,5,4,5,4,5,4,4,4,4,4,4,4,4,3,-999,-999,4,-999,1,16,f,-999,Postgraduate Professional Archivist,Control Condition,4.666666666666667,4,4,3,Study 2
T0X0GL_zcgk4eoKk_n6s9igFEc1Wf0ylXZYswuhL132ZBDNnkzPp_WZzJ3yIcPcR,CB,2,3,4,3,3,2,3,4,5,5,4,4,5,4,4,4,4,4,4,4,4,4,4,4,4,4,2,16,f,-999,Postgraduate Professional Archivist,Colored badges,4.5,4,4,3,Study 2
1OJzbCFUPTNovcprOKKVTPT0ZdYdihux4n8wRNulpA8aEo1Q9qTnceab0oYUJybm,GB,3,3,3,3,3,2,3,5,4,5,5,3,5,6,5,5,5,4,3,3,5,1,1,1,1,1,1,16,f,2,NA,Greyed out badges,4.5,5.25,3.75,3,Study 2
1OJzbCFUPTNovcprOKKVTPT0ZdYdihux4n8wRNulpA8aEo1Q9qTnceab0oYUJybm,CB,3,3,3,3,2,2,2,3,3,3,5,3,3,4,4,4,4,4,5,5,4,3,3,3,3,3,2,16,f,2,NA,Colored badges,3.3333333333333335,4,4.5,3,Study 2
EMdKrrQI1fp9bp3B9hbWccUf9wUSrU8QHW4bgeOpdvGsSk7Tm84WhbxGdhrDRyod,CB,1,2,2,3,3,2,3,6,7,6,7,6,6,7,5,5,5,5,5,6,4,4,4,4,4,4,1,16,f,-999,Undergraduate Research Assistant/Professional Research Assistant (3 years/1.5 years respectively),Colored badges,6.333333333333333,5.5,5,2,Study 2
EMdKrrQI1fp9bp3B9hbWccUf9wUSrU8QHW4bgeOpdvGsSk7Tm84WhbxGdhrDRyod,CC,3,3,2,2,2,3,2,5,5,5,5,5,5,5,3,4,4,4,4,4,4,3,-999,-999,-999,-999,2,16,f,-999,Undergraduate Research Assistant/Professional Research Assistant (3 years/1.5 years respectively),Control Condition,5,4,4,2.5,Study 2
Szx1ezuY8CvpHiKTeuM2svzgSEDTtUbv209huXJOdA2_IGKwfy3xWKlpsvFneRQX,GB,3,2,3,3,2,3,2,6,6,6,4,6,6,3,3,3,3,3,3,3,3,1,1,1,2,1,1,16,f,5,NA,Greyed out badges,5.666666666666667,3,3,2.75,Study 2
Szx1ezuY8CvpHiKTeuM2svzgSEDTtUbv209huXJOdA2_IGKwfy3xWKlpsvFneRQX,CB,3,2,3,4,3,2,3,6,5,5,5,4,6,6,5,6,5,6,6,4,5,4,4,4,-999,4,2,16,f,5,NA,Colored badges,5.166666666666667,5.5,5.25,3,Study 2
XALLUnjEcRxRTC0Emq3dDy0GPjGh3OT7k7gTTDsC7baq2ynFH8COc2V7DrKpjlWy,CC,4,2,3,4,4,1,4,6,6,6,6,6,6,6,6,6,6,6,6,6,5,4,-999,-999,3,2,1,35,f,-999,Social care support,Control Condition,6,6,5.75,3.25,Study 2
XALLUnjEcRxRTC0Emq3dDy0GPjGh3OT7k7gTTDsC7baq2ynFH8COc2V7DrKpjlWy,CB,2,3,3,3,3,1,3,6,6,6,6,6,6,6,6,6,6,6,6,6,6,3,-999,-999,-999,-999,2,35,f,-999,Social care support,Colored badges,6,6,6,2.75,Study 2
2fh5tzsHTbdoVJCv5aWoJ0FXjGcSHaCEQqrmkor3toVof96oFIPWiMhf8wQZLJr3,CC,3,3,3,3,2,3,2,4,5,5,5,5,5,5,4,4,4,5,4,4,4,3,-999,-999,2,-999,1,16,f,1,NA,Control Condition,4.833333333333333,4.25,4.25,3,Study 2
2fh5tzsHTbdoVJCv5aWoJ0FXjGcSHaCEQqrmkor3toVof96oFIPWiMhf8wQZLJr3,CB,2,2,3,3,3,2,3,5,4,5,5,5,4,5,5,5,5,5,5,5,5,4,4,4,4,4,2,16,f,1,NA,Colored badges,4.666666666666667,5,5,2.5,Study 2
oBxlSfb8ybgq0plU22l1sydpdB9QNPr6wwWINaMyjEx4oXC-BKmOOEzw47mkmTum,GB,2,2,2,3,3,2,3,5,5,6,5,4,6,6,5,5,5,5,5,5,5,1,1,1,1,1,1,16,f,5,NA,Greyed out badges,5.166666666666667,5.25,5,2.25,Study 2
oBxlSfb8ybgq0plU22l1sydpdB9QNPr6wwWINaMyjEx4oXC-BKmOOEzw47mkmTum,CB,3,3,2,3,3,2,3,4,4,4,4,4,3,5,5,6,5,5,5,5,5,4,4,4,4,4,2,16,f,5,NA,Colored badges,3.8333333333333335,5.25,5,2.75,Study 2
iD8N4GmhaO4WxCpRLqDYWizjBeqH-Q5FIuzyDSE1w3kcCzwvX3eZmmatxngI0SjZ,CC,1,2,3,2,3,1,3,7,7,7,7,7,7,5,7,7,7,5,7,7,5,3,1,1,-999,1,1,35,f,5,NA,Control Condition,7,6.5,6,2,Study 2
iD8N4GmhaO4WxCpRLqDYWizjBeqH-Q5FIuzyDSE1w3kcCzwvX3eZmmatxngI0SjZ,GB,1,2,2,2,2,1,3,7,7,7,7,7,7,5,7,7,7,5,7,7,5,1,1,1,2,1,2,35,f,5,NA,Greyed out badges,7,6.5,6,1.75,Study 2
E4LyGLModrw9tAW5PnWTBpVkfcrBnuZTYqmYPD46IAN4fMYFAdKEr2Nuenn3Q9fr,CB,2,2,3,2,3,2,3,4,3,3,3,3,4,4,4,4,4,4,4,3,4,-999,4,4,4,-999,1,16,f,-999,ADMIN ASST,Colored badges,3.3333333333333335,4,3.75,2.25,Study 2
E4LyGLModrw9tAW5PnWTBpVkfcrBnuZTYqmYPD46IAN4fMYFAdKEr2Nuenn3Q9fr,GB,2,2,2,2,3,2,3,4,4,4,4,4,4,4,4,4,4,4,4,4,4,1,1,1,2,-999,2,16,f,-999,ADMIN ASST,Greyed out badges,4,4,4,2,Study 2
f3hbJ6RwMn_A9GKgHW4nGiNMvKr_PHvmiuJKQNpilVkPpw1sxNcPFRxf1VtzOxEh,GB,2,2,2,3,3,2,3,5,5,6,5,5,5,4,4,5,5,5,5,4,3,2,1,1,2,1,1,16,f,-999,Market Research Associate,Greyed out badges,5.166666666666667,4.5,4.25,2.25,Study 2
f3hbJ6RwMn_A9GKgHW4nGiNMvKr_PHvmiuJKQNpilVkPpw1sxNcPFRxf1VtzOxEh,CC,2,3,2,2,3,2,3,5,5,5,6,4,5,5,5,4,5,5,5,5,5,-999,-999,-999,3,-999,2,16,f,-999,Market Research Associate,Control Condition,5,4.75,5,2.25,Study 2
R_0-AWANe3h4nSQ1FK7kda2X9NT5KeTOFZhQrr6SBCBs5EGuRnAvdgVpInmxHiNZ,CC,2,2,2,2,3,2,3,7,7,7,7,6,6,6,6,5,6,6,6,6,6,4,4,3,4,3,1,16,f,1,NA,Control Condition,6.666666666666667,5.75,6,2,Study 2
R_0-AWANe3h4nSQ1FK7kda2X9NT5KeTOFZhQrr6SBCBs5EGuRnAvdgVpInmxHiNZ,CB,2,2,2,2,4,1,4,7,7,7,7,7,7,7,6,7,6,6,7,6,6,4,4,4,4,4,2,16,f,1,NA,Colored badges,7,6.5,6.25,2,Study 2
xQgf27N1vRKlocNZkjMISnKyeORRr76S6QEEdZU1OB46gqPJxsL9_OtIOOQR3WEK,CC,1,2,1,2,3,1,3,5,6,5,6,5,6,7,6,4,4,4,4,4,5,3,-999,-999,3,-999,1,35,m,5,NA,Control Condition,5.5,5.25,4.25,1.5,Study 2
xQgf27N1vRKlocNZkjMISnKyeORRr76S6QEEdZU1OB46gqPJxsL9_OtIOOQR3WEK,CB,1,2,2,2,3,1,3,6,6,6,6,5,6,6,6,4,6,4,4,7,4,3,4,4,4,4,2,35,m,5,NA,Colored badges,5.833333333333333,5.5,4.75,1.75,Study 2
q_AEN2eOFsf4MW0wHWmoAS7OuHfkkeuleXkfLsFjnKjw6kzI-Dhgwo0m3Z7TftAH,CC,2,3,2,3,3,2,3,6,6,6,6,6,6,6,6,6,6,6,6,7,6,2,-999,-999,3,-999,1,35,m,-999,Assistant Autism in Adults,Control Condition,6,6,6.25,2.5,Study 2
q_AEN2eOFsf4MW0wHWmoAS7OuHfkkeuleXkfLsFjnKjw6kzI-Dhgwo0m3Z7TftAH,CB,3,3,2,3,3,2,3,5,4,4,4,4,4,4,4,4,5,4,4,4,4,3,4,4,4,4,2,35,m,-999,Assistant Autism in Adults,Colored badges,4.166666666666667,4.25,4,2.75,Study 2
cFwXM3avJAzJK5qF4XtKSVaqQhCSND_0evXnKzXs2fZRkY-xHCAUR5Ywqb_8tsIN,CB,2,3,3,3,3,2,3,6,5,5,5,5,5,5,5,5,5,4,6,5,4,4,4,4,4,4,1,16,f,-999,Prolific Employee,Colored badges,5.166666666666667,5,4.75,2.75,Study 2
cFwXM3avJAzJK5qF4XtKSVaqQhCSND_0evXnKzXs2fZRkY-xHCAUR5Ywqb_8tsIN,CC,2,2,2,2,3,2,3,5,5,5,5,5,5,4,5,5,5,4,5,5,4,2,2,2,2,2,2,16,f,-999,Prolific Employee,Control Condition,5,4.75,4.5,2,Study 2
9rtEUL5_6WhiRaEWWK_-qA1FjxgDiJ7TPkrHgikk_lyjB4B8V9y_fVByXYmJLdJy,CB,2,2,2,3,3,2,3,6,7,6,6,6,6,6,6,6,6,6,6,6,4,-999,4,4,4,4,1,50,f,-999,CEO Non Profit,Colored badges,6.166666666666667,6,5.5,2.25,Study 2
9rtEUL5_6WhiRaEWWK_-qA1FjxgDiJ7TPkrHgikk_lyjB4B8V9y_fVByXYmJLdJy,CC,3,1,2,3,2,2,2,6,6,6,6,5,6,4,5,4,6,6,6,6,4,-999,-999,1,3,1,2,50,f,-999,CEO Non Profit,Control Condition,5.833333333333333,4.75,5.5,2.25,Study 2
5mSqZWSldfKC-6H9HZct1D951aTosWRlPglDGC1Hzwm45EXL2hW1Attz4C1awNdk,CC,2,3,3,3,3,2,3,7,7,7,7,7,7,7,7,7,7,7,7,7,7,3,3,3,3,-999,1,16,m,-999,Case Manager,Control Condition,7,7,7,2.75,Study 2
5mSqZWSldfKC-6H9HZct1D951aTosWRlPglDGC1Hzwm45EXL2hW1Attz4C1awNdk,CB,2,3,3,2,3,2,3,7,7,7,7,7,7,7,7,7,7,7,7,7,7,4,4,4,3,4,2,16,m,-999,Case Manager,Colored badges,7,7,7,2.5,Study 2
2XcX-eb27iPCe4EYDFKwAD2ODWMa3cRsRuK8kVRL7S3nnZlNnLmEzT_SCoIBncy6,CB,1,3,2,3,3,2,3,5,6,6,6,6,5,4,4,5,5,6,7,5,6,3,4,3,2,4,1,16,f,-999,Intern,Colored badges,5.666666666666667,4.5,6,2.25,Study 2
2XcX-eb27iPCe4EYDFKwAD2ODWMa3cRsRuK8kVRL7S3nnZlNnLmEzT_SCoIBncy6,CC,2,2,2,3,3,1,4,6,7,7,6,6,6,6,6,6,7,5,4,5,6,2,2,2,3,2,2,16,f,-999,Intern,Control Condition,6.333333333333333,6.25,5,2.25,Study 2
d6OFrLMaR-raFznNJNl6aD8ergRso4M9iB04u-FxbuuDvYwJY5ypXnTHYI121rMS,GB,3,3,3,3,2,2,2,3,4,3,3,3,3,4,4,4,4,4,4,4,4,1,1,1,1,1,1,16,f,-999,Assistant Psychologist,Greyed out badges,3.1666666666666665,4,4,3,Study 2
d6OFrLMaR-raFznNJNl6aD8ergRso4M9iB04u-FxbuuDvYwJY5ypXnTHYI121rMS,CC,2,3,2,2,4,1,4,5,4,4,4,5,5,4,5,5,4,5,4,4,4,2,2,2,2,2,2,16,f,-999,Assistant Psychologist,Control Condition,4.5,4.5,4.25,2.25,Study 2
xUVAegDmIMs2x15uRSEF0-P6UYDYDMY8WCssWudIlPmWFHHYmXnQb6cbjxM6qjNW,CC,2,4,3,3,3,1,4,7,7,7,7,6,7,5,6,6,6,6,6,6,4,3,3,4,3,2,1,16,m,-999,Research Assistant Internship,Control Condition,6.833333333333333,5.75,5.5,3,Study 2
xUVAegDmIMs2x15uRSEF0-P6UYDYDMY8WCssWudIlPmWFHHYmXnQb6cbjxM6qjNW,CB,2,2,3,2,3,2,3,7,7,7,6,7,7,5,7,5,7,4,3,3,3,4,4,4,3,4,2,16,m,-999,Research Assistant Internship,Colored badges,6.833333333333333,6,3.25,2.25,Study 2
NoWDGfI54uNLoqoyrJeOUtZysPiNVm2gY3Itb-1-dAIVCqOIE8JHhTRcBSRIMzsh,GB,2,3,2,3,3,2,3,4,6,6,5,5,5,5,4,4,5,4,4,5,4,2,2,1,2,1,1,16,m,5,NA,Greyed out badges,5.166666666666667,4.5,4.25,2.5,Study 2
NoWDGfI54uNLoqoyrJeOUtZysPiNVm2gY3Itb-1-dAIVCqOIE8JHhTRcBSRIMzsh,CB,2,2,3,2,2,2,3,5,4,5,6,5,5,5,5,5,5,5,5,6,5,3,3,4,4,4,2,16,m,5,NA,Colored badges,5,5,5.25,2.25,Study 2
kPLnjq0TrFEkhFmMeFUcfxyLStM29HAW7o3AHG6bLyRS6r-BPxl4aFg40W066Pyj,CC,1,2,3,3,3,2,3,7,6,7,7,6,6,6,6,5,6,4,5,6,4,3,-999,-999,-999,3,1,35,m,-999,Director in a non profit,Control Condition,6.5,5.75,4.75,2.25,Study 2
kPLnjq0TrFEkhFmMeFUcfxyLStM29HAW7o3AHG6bLyRS6r-BPxl4aFg40W066Pyj,CB,1,3,2,2,3,2,3,7,7,7,7,7,7,7,6,7,7,6,7,6,5,4,4,4,4,4,2,35,m,-999,Director in a non profit,Colored badges,7,6.75,6,2,Study 2
nnI_4IShsZO_yPATa2VORTJ1WW0swmfl0lYb5JGpaRDjaKSGdTm0jha_G9JwGkIi,CC,2,3,4,2,3,1,3,5,6,6,7,6,6,4,6,4,4,3,3,4,4,1,1,1,2,1,1,16,m,-999,Research,Control Condition,6,4.5,3.5,2.75,Study 2
nnI_4IShsZO_yPATa2VORTJ1WW0swmfl0lYb5JGpaRDjaKSGdTm0jha_G9JwGkIi,GB,1,1,2,2,4,1,4,6,7,7,7,6,5,6,7,6,7,7,7,6,7,1,1,1,1,1,2,16,m,-999,Research,Greyed out badges,6.333333333333333,6.5,6.75,1.5,Study 2
z38WR61_O84pQElavrdwLOHxxg_6dYWEOuECX9woPuX0_ATFY6T1ZUbP_O44KNrz,CC,1,1,1,1,3,1,3,7,7,7,7,7,7,7,7,7,7,7,7,7,7,-999,-999,-999,4,-999,1,50,m,-999,NA,Control Condition,7,7,7,1,Study 2
z38WR61_O84pQElavrdwLOHxxg_6dYWEOuECX9woPuX0_ATFY6T1ZUbP_O44KNrz,GB,1,2,1,4,3,2,2,7,7,7,7,7,7,7,7,7,7,7,7,7,7,-999,-999,-999,-999,-999,2,50,m,-999,NA,Greyed out badges,7,7,7,2,Study 2
qYI9QTA91vmODvJNDe8_ygA7zYbFfzJlBNGz0PsfU_5_Rrt7qR1g1qBaA-2-FlBV,CC,2,2,1,2,3,2,3,6,6,6,6,4,5,6,7,5,6,6,7,6,6,3,-999,3,3,3,1,16,m,-999,Data Analyst,Control Condition,5.5,6,6.25,1.75,Study 2
qYI9QTA91vmODvJNDe8_ygA7zYbFfzJlBNGz0PsfU_5_Rrt7qR1g1qBaA-2-FlBV,GB,1,2,1,2,4,1,3,5,6,5,6,5,5,5,5,6,6,5,6,6,5,2,1,1,1,2,2,16,m,-999,Data Analyst,Greyed out badges,5.333333333333333,5.5,5.5,1.5,Study 2
a3-Kf90xSiYEbOM7Uult972gnZOS74jEiyFci2ffNa37o25cjAb0KR-vtKvOBbVZ,CC,2,2,2,2,4,1,4,7,7,7,7,7,7,5,6,7,6,5,7,7,5,2,2,2,2,2,1,35,f,5,NA,Control Condition,7,6,6,2,Study 2
a3-Kf90xSiYEbOM7Uult972gnZOS74jEiyFci2ffNa37o25cjAb0KR-vtKvOBbVZ,GB,2,3,2,2,2,2,3,7,6,6,6,6,7,5,6,6,7,6,7,6,5,1,1,1,1,1,2,35,f,5,NA,Greyed out badges,6.333333333333333,6,6,2.25,Study 2
WyKsDwc2pGgSCw02PXHk1xioFQ0DdZzTc4RESlzjpapGfA4Xx3y-WfL0DXoxmUJ0,CC,1,2,1,3,3,2,3,6,6,6,6,6,6,5,5,5,5,5,5,5,5,2,1,-999,2,1,1,16,m,1,NA,Control Condition,6,5,5,1.75,Study 2
WyKsDwc2pGgSCw02PXHk1xioFQ0DdZzTc4RESlzjpapGfA4Xx3y-WfL0DXoxmUJ0,GB,1,3,1,3,2,2,3,7,6,6,7,6,6,7,7,6,7,7,6,6,6,3,1,1,1,1,2,16,m,1,NA,Greyed out badges,6.333333333333333,6.75,6.25,2,Study 2
1i-4cLK3Bzq8KDztlMiLz3LAsCMW8HS2g-7jaqGteFx8E7xzYGPzWCrp1ZUTvMCc,CC,3,2,3,2,4,3,3,5,7,7,6,4,6,4,4,4,4,4,4,5,5,2,2,3,3,4,1,35,m,1,NA,Control Condition,5.833333333333333,4,4.5,2.5,Study 2
1i-4cLK3Bzq8KDztlMiLz3LAsCMW8HS2g-7jaqGteFx8E7xzYGPzWCrp1ZUTvMCc,CB,1,2,3,3,2,3,3,5,4,4,6,6,5,5,3,6,4,4,6,5,3,3,3,3,4,3,2,35,m,1,NA,Colored badges,5,4.5,4.5,2.25,Study 2
z3TFwkgkowv7P15FcBWqNkwVPbJvBa_cIMqhDTpVeVohw649SQSMTxqhEMExUoRX,CC,1,2,1,2,3,1,3,5,6,6,6,5,6,5,5,5,6,5,6,6,6,2,2,3,3,3,1,16,m,1,NA,Control Condition,5.666666666666667,5.25,5.75,1.5,Study 2
z3TFwkgkowv7P15FcBWqNkwVPbJvBa_cIMqhDTpVeVohw649SQSMTxqhEMExUoRX,GB,2,3,2,2,3,2,3,5,5,5,6,5,5,6,6,5,5,6,6,6,4,2,2,1,2,2,2,16,m,1,NA,Greyed out badges,5.166666666666667,5.5,5.5,2.25,Study 2
Du7irxcuRPnj9KRI0QjrHMnZGtAUIjSw5d0ZvxXt6y7ZP3m_M68EdicZf8UGpsam,CB,2,3,2,3,3,2,3,6,6,6,6,5,5,4,4,5,2,2,5,2,2,4,4,4,4,4,1,16,m,1,NA,Colored badges,5.666666666666667,3.75,2.75,2.5,Study 2
Du7irxcuRPnj9KRI0QjrHMnZGtAUIjSw5d0ZvxXt6y7ZP3m_M68EdicZf8UGpsam,GB,2,3,2,4,3,2,3,6,6,6,6,5,6,4,4,5,5,5,4,5,5,1,1,1,1,1,2,16,m,1,NA,Greyed out badges,5.833333333333333,4.5,4.75,2.75,Study 2
zw_49hkyhJhX516HxTsi8Jg2Rtjksv44NHHUm8mZdKCfys5bxs2GAwFQqOU30RzZ,CC,2,2,3,3,3,1,3,7,6,6,6,5,6,4,4,5,4,4,3,6,4,3,1,-999,3,1,1,16,f,1,NA,Control Condition,6,4.25,4.25,2.5,Study 2
zw_49hkyhJhX516HxTsi8Jg2Rtjksv44NHHUm8mZdKCfys5bxs2GAwFQqOU30RzZ,CB,2,2,3,3,3,2,3,7,6,6,6,6,6,4,4,5,5,4,5,6,6,3,1,-999,3,1,2,16,f,1,NA,Colored badges,6.166666666666667,4.5,5.25,2.5,Study 2
oZuvp-GQ0oCwE4Mi-VTPqeb5cb7iI58fSupYX2Elckz6eSFbEWSeFfW5umWlla3P,CC,2,3,2,3,3,2,3,6,7,7,7,6,7,6,7,6,6,4,6,6,6,-999,-999,-999,2,-999,1,16,m,2,NA,Control Condition,6.666666666666667,6.25,5.5,2.5,Study 2
oZuvp-GQ0oCwE4Mi-VTPqeb5cb7iI58fSupYX2Elckz6eSFbEWSeFfW5umWlla3P,GB,2,3,2,3,2,3,3,6,7,7,6,7,7,6,6,6,6,6,7,6,6,2,2,1,-999,1,2,16,m,2,NA,Greyed out badges,6.666666666666667,6,6.25,2.5,Study 2
SXM0A9sywsECUKy0Sld6SRH8K4EpoqaOtYfxpzx1_S5f1EW4OqWctLE6sESt9NoC,CC,1,2,3,2,3,1,3,5,5,6,5,6,6,6,7,7,7,7,7,5,5,-999,-999,-999,-999,-999,1,16,f,-999,Research Coordinator,Control Condition,5.5,6.75,6,2,Study 2
SXM0A9sywsECUKy0Sld6SRH8K4EpoqaOtYfxpzx1_S5f1EW4OqWctLE6sESt9NoC,CB,1,2,1,2,3,2,3,7,7,6,7,5,6,6,7,6,7,6,7,5,5,4,4,4,4,4,2,16,f,-999,Research Coordinator,Colored badges,6.333333333333333,6.5,5.75,1.5,Study 2
vx7XweZmYCnp8uJ8t07D5SGj8vaPbCs4xmYlsQ1ZiWQ1BJfc-dbzXhOO8ZF5EQUg,CB,1,2,2,3,4,1,4,7,5,5,6,6,6,6,6,5,6,6,6,6,5,4,4,4,4,4,1,16,f,1,NA,Colored badges,5.833333333333333,5.75,5.75,2,Study 2
vx7XweZmYCnp8uJ8t07D5SGj8vaPbCs4xmYlsQ1ZiWQ1BJfc-dbzXhOO8ZF5EQUg,CC,1,3,3,3,2,2,2,6,6,6,5,5,6,5,5,5,6,6,6,5,5,1,1,1,1,2,2,16,f,1,NA,Control Condition,5.666666666666667,5.25,5.5,2.5,Study 2
mtqhZFHhHs65rAVm6xYYYXntvKINs5iIeUxVbKow-zU-a5629VbtOsFm0NVg5t0m,CC,1,2,1,3,3,2,3,6,6,6,6,4,6,4,4,4,4,5,5,6,4,2,3,2,-999,3,1,16,f,1,NA,Control Condition,5.666666666666667,4,5,1.75,Study 2
mtqhZFHhHs65rAVm6xYYYXntvKINs5iIeUxVbKow-zU-a5629VbtOsFm0NVg5t0m,GB,2,2,2,2,4,1,4,4,4,4,4,5,4,4,3,3,4,4,3,3,4,2,3,1,3,3,2,16,f,1,NA,Greyed out badges,4.166666666666667,3.5,3.5,2,Study 2
NOBpIkeR0GGjGyI899XRhNnPWos1FU6WwzJcAbbPbV7BT-gKOlsPsnLuObafZ9i3,GB,3,4,3,4,4,2,4,6,5,6,5,2,3,5,6,4,6,7,7,6,4,1,1,1,1,1,1,50,f,-999,Reader,Greyed out badges,4.5,5.25,6,3.5,Study 2
NOBpIkeR0GGjGyI899XRhNnPWos1FU6WwzJcAbbPbV7BT-gKOlsPsnLuObafZ9i3,CB,1,2,2,1,4,1,4,7,7,7,7,7,7,7,7,7,7,7,7,7,7,4,4,4,4,4,2,50,f,-999,Reader,Colored badges,7,7,7,1.5,Study 2
OAXo0pgyAjtiiPVhPgg9CWCACy0HJw8wlWqqZn-J8vw27ld9KlhTi1N10nUz7v5b,CC,3,2,2,2,3,2,3,6,6,7,6,5,6,6,6,4,4,4,6,4,5,-999,-999,-999,-999,-999,1,16,f,2,NA,Control Condition,6,5,4.75,2.25,Study 2
OAXo0pgyAjtiiPVhPgg9CWCACy0HJw8wlWqqZn-J8vw27ld9KlhTi1N10nUz7v5b,GB,3,2,3,3,2,3,2,6,5,5,5,5,6,6,6,4,4,4,4,5,4,-999,-999,1,2,1,2,16,f,2,NA,Greyed out badges,5.333333333333333,5,4.25,2.75,Study 2
8zUlxvury4q1eH9Xj-brjN6442JqXDH6m2k1-IrjdtLOoUF6Y6zexh1_rQa26ihL,CB,1,1,2,2,2,1,3,4,4,4,4,2,4,6,6,4,4,6,6,6,4,4,4,4,4,4,1,16,f,2,NA,Colored badges,3.6666666666666665,5,5.5,1.5,Study 2
8zUlxvury4q1eH9Xj-brjN6442JqXDH6m2k1-IrjdtLOoUF6Y6zexh1_rQa26ihL,CC,1,1,2,2,3,2,3,4,4,4,4,4,4,4,4,4,4,4,4,4,4,3,-999,-999,-999,-999,2,16,f,2,NA,Control Condition,4,4,4,1.5,Study 2
ORC98c_3yfAmAXT67E5SaMXdSJUVZqChh0DXK2NgcKBiOjdLtc1NpNb_8G3q3ICY,CC,4,4,4,4,1,4,1,7,7,7,7,7,7,5,5,4,4,7,4,3,4,4,4,4,4,4,1,50,f,5,NA,Control Condition,7,4.5,4.5,4,Study 2
ORC98c_3yfAmAXT67E5SaMXdSJUVZqChh0DXK2NgcKBiOjdLtc1NpNb_8G3q3ICY,CB,4,4,4,4,1,1,1,5,6,4,3,3,4,5,3,6,3,5,6,6,3,1,1,4,1,4,2,50,f,5,NA,Colored badges,4.166666666666667,4.25,5,4,Study 2
CtgGc2Ey4yvY-6RdTXfpxC_MpD9r9OFlUA9iHtISomowuygqonE8qBdfr_2L4Flv,CB,2,3,2,2,3,2,3,5,6,6,6,6,5,4,5,4,4,4,4,5,4,3,4,4,4,4,1,16,m,-999,Program and Operations Manager - Not Student,Colored badges,5.666666666666667,4.25,4.25,2.25,Study 2
CtgGc2Ey4yvY-6RdTXfpxC_MpD9r9OFlUA9iHtISomowuygqonE8qBdfr_2L4Flv,CC,2,2,2,2,3,2,3,5,6,6,6,6,6,5,5,5,4,4,4,4,4,2,-999,-999,-999,-999,2,16,m,-999,Program and Operations Manager - Not Student,Control Condition,5.833333333333333,4.75,4,2,Study 2
mAMZMRdmG21PC7HIJpNF3ujz24qQQQKrji9HkzYFmQdju0R0asvZQAZx9qjDYMsH,CB,3,4,1,4,4,1,4,6,6,7,6,5,5,6,7,5,6,4,6,6,5,4,4,4,4,4,1,16,f,-999,Care assistant,Colored badges,5.833333333333333,6,5.25,3,Study 2
mAMZMRdmG21PC7HIJpNF3ujz24qQQQKrji9HkzYFmQdju0R0asvZQAZx9qjDYMsH,GB,4,4,2,4,2,2,2,5,6,5,5,3,4,5,4,5,5,5,5,6,5,1,1,1,1,1,2,16,f,-999,Care assistant,Greyed out badges,4.666666666666667,4.75,5.25,3.5,Study 2
ZdyLS4SJTIciyX_dtRMR-uyOmeV5pwNI17hqz5ULxcNZDcPzIC05R7jx-Ff2UMD2,CB,3,2,3,2,2,2,2,5,5,5,5,5,5,5,5,4,5,5,5,4,5,3,3,4,3,3,1,16,f,-999,Autism Clinician,Colored badges,5,4.75,4.75,2.5,Study 2
ZdyLS4SJTIciyX_dtRMR-uyOmeV5pwNI17hqz5ULxcNZDcPzIC05R7jx-Ff2UMD2,CC,3,2,3,3,3,2,3,5,5,5,6,5,5,6,5,5,5,6,5,5,6,3,-999,-999,-999,-999,2,16,f,-999,Autism Clinician,Control Condition,5.166666666666667,5.25,5.5,2.75,Study 2
kNBl7B12qCPsw0hqXanAZUIdAltsk5EMlARE5CnRNzPvttuSlx86gat9fboZ-q48,CB,1,3,2,4,3,1,4,7,7,7,7,7,7,7,7,7,7,7,7,6,4,3,4,4,3,4,1,35,m,3,NA,Colored badges,7,7,6,2.5,Study 2
kNBl7B12qCPsw0hqXanAZUIdAltsk5EMlARE5CnRNzPvttuSlx86gat9fboZ-q48,GB,1,4,2,4,3,2,3,7,7,7,7,7,7,6,6,6,7,6,5,6,7,1,1,1,3,1,2,35,m,3,NA,Greyed out badges,7,6.25,6,2.75,Study 2
MZqkR2oQMQr4xJxzvINlgfY4xSA4dlTuvve828KfNUHv0IHhWnrPMz8NsJ7d_O1k,CB,3,2,3,2,4,1,3,7,7,7,6,6,6,7,7,6,6,6,7,7,6,1,4,4,1,4,1,16,f,1,NA,Colored badges,6.5,6.5,6.5,2.5,Study 2
MZqkR2oQMQr4xJxzvINlgfY4xSA4dlTuvve828KfNUHv0IHhWnrPMz8NsJ7d_O1k,CC,1,1,4,2,3,2,4,7,7,7,7,7,7,7,7,7,7,7,7,7,7,3,2,-999,3,-999,2,16,f,1,NA,Control Condition,7,7,7,2,Study 2
bGj-WvWK9Xz_ZgmWH4ZrhRtmhLKKYwKAXrFgJHdeXEB0ShNJuyeNAeKzGzlTCAJj,CB,2,3,3,3,2,3,2,5,5,5,5,4,5,4,5,4,4,4,5,6,4,4,4,4,3,4,1,16,f,1,NA,Colored badges,4.833333333333333,4.25,4.75,2.75,Study 2
bGj-WvWK9Xz_ZgmWH4ZrhRtmhLKKYwKAXrFgJHdeXEB0ShNJuyeNAeKzGzlTCAJj,CC,2,3,3,3,3,2,3,5,6,6,6,6,6,4,5,4,4,4,4,4,3,2,2,2,2,2,2,16,f,1,NA,Control Condition,5.833333333333333,4.25,3.75,2.75,Study 2
Ga6RT0OLkIHxyxQ4qXxbswWRV6Gr5dRxQ8PMLZd29RN3jWn5H29URS4knyL-gmFO,GB,3,3,3,3,3,3,2,3,4,4,3,3,4,3,3,3,3,3,3,3,3,1,1,1,1,1,1,50,m,-999,small business owner,Greyed out badges,3.5,3,3,3,Study 2
Ga6RT0OLkIHxyxQ4qXxbswWRV6Gr5dRxQ8PMLZd29RN3jWn5H29URS4knyL-gmFO,CC,3,3,3,3,3,2,3,4,4,4,3,3,3,4,4,3,3,4,3,3,3,1,1,1,1,1,2,50,m,-999,small business owner,Control Condition,3.5,3.5,3.25,3,Study 2
bJxotOyQ4PJd6jbCtdieykTPJ5_1BZB0TeJ_bhhjX8caBlJe7GGIMV1MO30R7AVX,CB,1,3,3,3,2,3,3,7,7,7,7,7,7,7,7,6,6,7,7,7,6,4,4,4,4,4,1,16,f,2,NA,Colored badges,7,6.5,6.75,2.5,Study 2
bJxotOyQ4PJd6jbCtdieykTPJ5_1BZB0TeJ_bhhjX8caBlJe7GGIMV1MO30R7AVX,CC,1,3,3,3,4,1,4,7,6,7,7,7,7,5,5,7,6,5,5,6,5,1,-999,-999,1,2,2,16,f,2,NA,Control Condition,6.833333333333333,5.75,5.25,2.5,Study 2
bnUGm-poCbzrtTvC3mPUza25XirVcgdU9GjO6dJDeitGXg-4hL3Ym2xEb-8NlJBp,CB,3,2,3,2,4,1,4,7,7,7,7,7,7,7,7,7,7,7,7,7,7,4,4,4,4,4,1,16,f,-999,BA,Colored badges,7,7,7,2.5,Study 2
bnUGm-poCbzrtTvC3mPUza25XirVcgdU9GjO6dJDeitGXg-4hL3Ym2xEb-8NlJBp,GB,2,1,3,2,1,4,1,5,7,7,7,7,7,6,7,6,7,6,5,7,6,1,1,1,1,1,2,16,f,-999,BA,Greyed out badges,6.666666666666667,6.5,6,2,Study 2
5r9x9zPr8SaQSJIckoTeE_24oRmH-5QtMKCY95zVMHhTcFF3EK6g-u8FahF3d6Jn,GB,3,3,3,3,3,3,3,4,4,4,4,4,4,4,4,4,4,4,4,4,4,3,3,3,3,3,1,50,f,-999,Carer,Greyed out badges,4,4,4,3,Study 2
5r9x9zPr8SaQSJIckoTeE_24oRmH-5QtMKCY95zVMHhTcFF3EK6g-u8FahF3d6Jn,CC,2,2,2,2,2,2,2,4,4,4,4,4,4,4,4,4,4,4,4,4,4,2,2,2,2,2,2,50,f,-999,Carer,Control Condition,4,4,4,2,Study 2
ROmaWMOFKV0K3CvzZmbFPgP1YXZJXvFY6fqUoc_ZBKY6Nk9sXADQ9zP2FlLWd9xn,CC,1,2,2,2,3,2,3,6,6,6,6,6,6,6,7,6,7,6,6,7,6,3,-999,3,-999,-999,1,16,m,-999,Programmes Officer,Control Condition,6,6.5,6.25,1.75,Study 2
ROmaWMOFKV0K3CvzZmbFPgP1YXZJXvFY6fqUoc_ZBKY6Nk9sXADQ9zP2FlLWd9xn,GB,2,2,2,2,3,2,3,5,5,5,4,5,5,5,4,5,5,5,5,4,5,2,1,1,2,1,2,16,m,-999,Programmes Officer,Greyed out badges,4.833333333333333,4.75,4.75,2,Study 2
-QW82vGSCMuQzDdUUpZSqR_cmBInEXLqWnVw1D8eoE3ielvWxU38sFQFSOCDN66H,CB,2,1,3,2,4,1,4,7,7,7,7,7,7,7,7,7,7,7,7,7,7,4,4,4,4,4,1,16,f,2,NA,Colored badges,7,7,7,2,Study 2
-QW82vGSCMuQzDdUUpZSqR_cmBInEXLqWnVw1D8eoE3ielvWxU38sFQFSOCDN66H,GB,3,2,3,2,4,2,3,6,6,6,5,5,6,5,6,5,5,6,5,5,6,1,1,1,1,1,2,16,f,2,NA,Greyed out badges,5.666666666666667,5.25,5.5,2.5,Study 2
r35U9juRG4DbaEEWxkuE2z6tEWUaHazBMXreX58BFNwZ0joOJhEzesBUKjRzU1wJ,CB,1,1,1,1,2,2,2,7,7,7,6,4,7,4,7,6,7,6,7,5,4,4,4,4,4,4,1,35,m,1,NA,Colored badges,6.333333333333333,6,5.5,1,Study 2
r35U9juRG4DbaEEWxkuE2z6tEWUaHazBMXreX58BFNwZ0joOJhEzesBUKjRzU1wJ,GB,1,1,1,2,4,1,4,7,7,7,7,7,7,7,7,5,7,6,7,7,7,1,1,1,1,1,2,35,m,1,NA,Greyed out badges,7,6.5,6.75,1.25,Study 2
n2BzCH6OATiiMjhOFRp1YqDbFLCjIcl4ItxZ5Ah3JeuBeDyei-VGh0gdh5ypPhjn,CB,1,2,1,2,4,1,4,7,6,7,7,6,7,7,7,7,7,5,7,6,7,4,4,4,4,4,1,16,f,-999,Undergraduate Research Assistant,Colored badges,6.666666666666667,7,6.25,1.5,Study 2
n2BzCH6OATiiMjhOFRp1YqDbFLCjIcl4ItxZ5Ah3JeuBeDyei-VGh0gdh5ypPhjn,GB,2,2,1,2,3,2,4,7,7,7,7,7,7,7,6,7,6,7,7,5,7,3,1,1,2,1,2,16,f,-999,Undergraduate Research Assistant,Greyed out badges,7,6.5,6.5,1.75,Study 2
6C9BZiUzFNkR5GFIBetjpeqzQ-5PGbPxOS_wboMNv1QeT3gTdajA7n7-ryw0-MRu,CC,2,3,2,4,3,2,3,5,6,7,7,6,7,6,5,5,3,5,6,4,5,-999,-999,-999,2,-999,1,16,f,-999,CBT therapist post grad,Control Condition,6.333333333333333,4.75,5,2.75,Study 2
6C9BZiUzFNkR5GFIBetjpeqzQ-5PGbPxOS_wboMNv1QeT3gTdajA7n7-ryw0-MRu,GB,3,4,3,3,2,3,2,3,5,6,3,5,5,4,2,2,2,3,2,3,4,1,1,1,1,1,2,16,f,-999,CBT therapist post grad,Greyed out badges,4.5,2.5,3,3.25,Study 2
O11kTe1TdauQdQalMZe6E4W14wwROV5MwBXCCPcAXtjR8ymJ0IZRft5wkRdQaW9W,CB,2,2,2,4,3,1,3,7,6,6,6,6,6,5,6,4,5,4,5,4,4,4,4,4,4,4,1,16,f,-999,Sr. Specialist,Colored badges,6.166666666666667,5,4.25,2.5,Study 2
O11kTe1TdauQdQalMZe6E4W14wwROV5MwBXCCPcAXtjR8ymJ0IZRft5wkRdQaW9W,CC,1,2,2,2,3,2,4,7,7,7,7,6,7,6,6,4,7,4,4,6,6,3,1,1,2,2,2,16,f,-999,Sr. Specialist,Control Condition,6.833333333333333,5.75,5,1.75,Study 2
ljBQ7PNEfxli0VLNGcpptKnlZxTMUIgEAEHn0giDQcGJOlzVs6QDRWrEbICKIHH1,CB,2,4,4,4,3,1,3,4,4,4,4,4,4,4,4,4,4,4,4,4,4,3,4,4,3,4,1,16,m,1,NA,Colored badges,4,4,4,3.5,Study 2
ljBQ7PNEfxli0VLNGcpptKnlZxTMUIgEAEHn0giDQcGJOlzVs6QDRWrEbICKIHH1,GB,2,4,4,3,2,3,2,4,4,4,4,4,4,5,5,5,5,5,5,5,5,2,1,1,1,1,2,16,m,1,NA,Greyed out badges,4,5,5,3.25,Study 2
mrBnaxjokD5XSTK5_CAlGjyRCpur6li6gPllx5fpJ4V5dz0oCnW-UzNsv5EQuRtb,CB,2,3,1,3,4,2,4,5,6,7,6,6,6,4,6,5,5,6,6,6,6,4,-999,4,-999,-999,1,35,f,1,NA,Colored badges,6,5,6,2.25,Study 2
mrBnaxjokD5XSTK5_CAlGjyRCpur6li6gPllx5fpJ4V5dz0oCnW-UzNsv5EQuRtb,CC,1,3,2,3,3,1,3,6,5,7,6,6,6,6,6,5,6,6,6,5,6,-999,-999,-999,-999,-999,2,35,f,1,NA,Control Condition,6,5.75,5.75,2.25,Study 2
M1Zzl25fZ0GTIEz_V49f1EIHH0LW22qoirNCAXGSFOvhB4_Qp2M2xVAZMmFLgPs0,CB,1,3,2,3,4,1,4,7,7,7,7,7,7,7,7,7,7,7,7,7,7,3,4,4,4,4,1,16,f,1,NA,Colored badges,7,7,7,2.25,Study 2
M1Zzl25fZ0GTIEz_V49f1EIHH0LW22qoirNCAXGSFOvhB4_Qp2M2xVAZMmFLgPs0,GB,2,2,2,2,2,2,2,2,3,3,4,3,3,7,7,7,7,6,7,4,7,1,1,1,1,1,2,16,f,1,NA,Greyed out badges,3,7,6,2,Study 2
QuCCvm5FAU90Hqm9LkVzg_HCwOK5FSJUw6D4Z39JBSrSDRVAGVofsxL0567EzN4d,GB,3,3,1,4,3,2,3,5,6,6,6,3,5,6,2,5,5,4,2,3,5,1,1,1,1,1,1,16,f,-999,NA,Greyed out badges,5.166666666666667,4.5,3.5,2.75,Study 2
QuCCvm5FAU90Hqm9LkVzg_HCwOK5FSJUw6D4Z39JBSrSDRVAGVofsxL0567EzN4d,CB,2,2,3,2,4,1,4,6,6,6,7,6,6,6,7,6,6,7,7,7,7,4,4,4,4,4,2,16,f,-999,NA,Colored badges,6.166666666666667,6.25,7,2.25,Study 2
vSOXgUorYpUmIHz9GOXzLAeBfaZMOOaEsOsZdzLRgxBunix-v_YqnDhviqXGALjn,CC,1,3,1,3,4,1,4,7,7,7,7,7,7,7,7,7,7,7,7,7,7,-999,4,-999,-999,-999,1,16,m,3,NA,Control Condition,7,7,7,2,Study 2
vSOXgUorYpUmIHz9GOXzLAeBfaZMOOaEsOsZdzLRgxBunix-v_YqnDhviqXGALjn,GB,1,3,2,2,4,1,4,7,7,7,7,7,7,5,7,5,5,7,5,7,5,1,1,1,1,1,2,16,m,3,NA,Greyed out badges,7,5.5,6,2,Study 2
_R3nSTnroXo6W5CHmRdFdY-eb1U5D04pZ29A5C-h4N33PlJyotxajwot0Sks9k3Q,GB,2,2,2,2,4,1,3,5,5,5,5,5,5,5,5,5,5,5,5,5,5,2,2,1,2,2,1,16,f,1,NA,Greyed out badges,5,5,5,2,Study 2
_R3nSTnroXo6W5CHmRdFdY-eb1U5D04pZ29A5C-h4N33PlJyotxajwot0Sks9k3Q,CB,3,3,3,3,2,3,2,3,4,4,4,3,3,4,4,4,4,4,4,4,4,4,4,4,4,4,2,16,f,1,NA,Colored badges,3.5,4,4,3,Study 2
6zz-JX-VG_ltlhRKr8KMXrHjjkHJe-hChfhFojxquR3QOXypsQLBHaLNQFivR0_w,CC,2,3,4,4,2,3,2,3,4,4,4,3,4,4,5,4,4,5,4,4,4,-999,-999,-999,-999,-999,1,16,f,-999,social worker,Control Condition,3.6666666666666665,4.25,4.25,3.25,Study 2
6zz-JX-VG_ltlhRKr8KMXrHjjkHJe-hChfhFojxquR3QOXypsQLBHaLNQFivR0_w,CB,2,3,3,3,3,2,3,5,4,4,4,4,4,4,4,4,4,5,5,4,4,4,4,4,4,4,2,16,f,-999,social worker,Colored badges,4.166666666666667,4,4.5,2.75,Study 2
MkXt3JOunOkRP9zn1NJoGGptjTBI-qu7ThAMa5E-qnQatemgNsgeafb5DN_qjSoc,CB,2,2,2,2,3,2,3,5,6,6,6,5,6,6,5,5,5,5,5,6,6,3,3,4,3,3,1,16,m,-999,Behavior Analyst,Colored badges,5.666666666666667,5.25,5.5,2,Study 2
MkXt3JOunOkRP9zn1NJoGGptjTBI-qu7ThAMa5E-qnQatemgNsgeafb5DN_qjSoc,CC,1,3,1,2,3,2,2,5,6,7,6,6,6,6,6,5,6,5,5,6,5,3,2,2,2,2,2,16,m,-999,Behavior Analyst,Control Condition,6,5.75,5.25,1.75,Study 2
Dq6ueQAI6NK42Db7EwHrYI1i4IrXG30n_mxuc3-kZF75XWM0a3tmORO6odfrtvgD,CB,1,3,2,2,3,1,3,6,7,7,7,6,7,6,5,6,6,6,6,6,5,4,3,4,4,4,1,35,f,-999,Nurse,Colored badges,6.666666666666667,5.75,5.75,2,Study 2
Dq6ueQAI6NK42Db7EwHrYI1i4IrXG30n_mxuc3-kZF75XWM0a3tmORO6odfrtvgD,CC,2,2,3,2,4,1,4,7,7,7,7,7,7,5,7,7,7,7,6,7,6,-999,-999,-999,-999,-999,2,35,f,-999,Nurse,Control Condition,7,6.5,6.5,2.25,Study 2
dT5pl-IdhkQywURgeXbc4ZWma3qDcTuu-k6h4EKAhpIczem1_rsv2pXcv412a5wf,CB,1,3,4,3,2,1,3,7,7,7,7,7,7,7,7,7,7,7,7,7,7,4,4,4,4,4,1,35,f,-999,Team Support Officer,Colored badges,7,7,7,2.75,Study 2
dT5pl-IdhkQywURgeXbc4ZWma3qDcTuu-k6h4EKAhpIczem1_rsv2pXcv412a5wf,CC,2,3,4,4,3,2,3,5,5,5,5,5,5,5,5,5,4,3,5,5,4,-999,-999,-999,1,-999,2,35,f,-999,Team Support Officer,Control Condition,5,4.75,4.25,3.25,Study 2
nFYIvGa-qaBFmSPNd0o3HCwJQxsWrXB9753SrNFjShTjrAAq172-3pONaxjGPZul,CB,2,1,1,1,4,1,4,7,7,7,7,7,7,7,7,6,6,7,7,7,7,4,4,4,4,4,1,16,f,1,NA,Colored badges,7,6.5,7,1.25,Study 2
nFYIvGa-qaBFmSPNd0o3HCwJQxsWrXB9753SrNFjShTjrAAq172-3pONaxjGPZul,GB,3,1,1,1,3,1,3,6,7,7,6,6,6,6,6,6,7,7,6,6,6,2,2,1,2,2,2,16,f,1,NA,Greyed out badges,6.333333333333333,6.25,6.25,1.5,Study 2
llYplysNR--7Y_jl9zFqMw1zF2yHhP1CpUxSWqHHw2IoB-_XLLw0ZIHKUAwHE0Hj,GB,3,4,4,4,2,3,2,5,5,4,5,5,5,4,4,4,3,5,4,4,4,3,2,1,4,2,1,16,f,1,NA,Greyed out badges,4.833333333333333,3.75,4.25,3.75,Study 2
llYplysNR--7Y_jl9zFqMw1zF2yHhP1CpUxSWqHHw2IoB-_XLLw0ZIHKUAwHE0Hj,CB,3,4,3,4,3,3,4,6,6,6,5,7,6,5,6,6,6,7,5,6,6,3,4,4,4,4,2,16,f,1,NA,Colored badges,6,5.75,6,3.5,Study 2
L0HjPq3-YznG8NmgMmFMf3j4CT8qIjfqsD8ml4oVmk4u6RN6cViFap33V6Hc9aob,CB,3,2,3,3,4,1,4,7,6,7,6,6,7,7,7,6,7,6,6,7,6,3,3,3,3,3,1,16,m,5,NA,Colored badges,6.5,6.75,6.25,2.75,Study 2
L0HjPq3-YznG8NmgMmFMf3j4CT8qIjfqsD8ml4oVmk4u6RN6cViFap33V6Hc9aob,GB,3,2,2,3,2,2,2,1,1,3,1,2,2,2,2,4,2,2,3,3,2,1,1,1,1,1,2,16,m,5,NA,Greyed out badges,1.6666666666666667,2.5,2.5,2.5,Study 2
V9VKqejC9legC1iMRIB6v8yjY6zxnYOf1R7S_Gi2x_9kWE7dOzNBQgrXi50_UuvS,CB,2,1,3,3,3,2,3,6,5,6,6,6,6,6,5,6,6,5,6,6,5,3,3,4,3,4,1,16,f,-999,Undergraduate student,Colored badges,5.833333333333333,5.75,5.5,2.25,Study 2
V9VKqejC9legC1iMRIB6v8yjY6zxnYOf1R7S_Gi2x_9kWE7dOzNBQgrXi50_UuvS,CC,2,3,3,3,2,3,2,6,6,6,6,6,6,5,5,6,6,5,5,6,5,3,-999,-999,-999,-999,2,16,f,-999,Undergraduate student,Control Condition,6,5.5,5.25,2.75,Study 2
S1L8sPhp0-ggOousBLe-50b8b4I3dQfhDf2mTcvBKke6Td_-xKWAf8LGZLxTNEVg,CB,3,3,3,3,3,2,3,4,5,4,4,4,4,4,4,4,4,4,4,4,4,-999,-999,-999,-999,-999,1,35,f,-999,Behavior anaylst,Colored badges,4.166666666666667,4,4,3,Study 2
S1L8sPhp0-ggOousBLe-50b8b4I3dQfhDf2mTcvBKke6Td_-xKWAf8LGZLxTNEVg,CC,3,3,3,3,2,2,2,4,4,4,4,4,4,4,4,4,4,4,4,4,4,-999,-999,-999,-999,-999,2,35,f,-999,Behavior anaylst,Control Condition,4,4,4,3,Study 2
1kJ4fTqDv7MBjwC4UwboUcdBh6tJUkYcLfxePKIOMi3qmJ0vzvNhhRjSHv-tf8RX,CC,1,3,2,3,3,2,3,6,5,6,5,6,6,6,4,4,4,5,4,5,5,2,2,2,2,2,1,16,f,-999,Lab Manager,Control Condition,5.666666666666667,4.5,4.75,2.25,Study 2
1kJ4fTqDv7MBjwC4UwboUcdBh6tJUkYcLfxePKIOMi3qmJ0vzvNhhRjSHv-tf8RX,GB,2,3,3,3,2,2,2,3,3,4,3,3,3,5,3,4,3,4,3,3,3,2,2,2,2,2,2,16,f,-999,Lab Manager,Greyed out badges,3.1666666666666665,3.75,3.25,2.75,Study 2
Omdo4YkaFipQu1HCJ-tLclmgNwVD1GTkeKuPgtm27gddUZ4XKP6jR9p0hxcndNbQ,CB,2,2,2,4,4,1,3,4,6,6,6,4,6,6,6,4,4,6,6,4,6,4,4,4,4,4,1,50,m,-999,Researcher,Colored badges,5.333333333333333,5,5.5,2.5,Study 2
Omdo4YkaFipQu1HCJ-tLclmgNwVD1GTkeKuPgtm27gddUZ4XKP6jR9p0hxcndNbQ,GB,4,3,4,4,4,1,3,6,4,4,4,3,4,4,4,4,4,4,1,2,4,1,1,1,1,1,2,50,m,-999,Researcher,Greyed out badges,4.166666666666667,4,2.75,3.75,Study 2
DHNGkFdZG_S6QXPuJS5ewHLepmeyLvHYtbLNWf-u1nPEOgmGXWkgvsbvyz2TpDvF,CB,2,3,2,4,2,1,3,4,5,5,5,5,4,5,5,6,5,5,5,6,4,3,4,4,3,-999,1,35,f,-999,Community support worker,Colored badges,4.666666666666667,5.25,5,2.75,Study 2
DHNGkFdZG_S6QXPuJS5ewHLepmeyLvHYtbLNWf-u1nPEOgmGXWkgvsbvyz2TpDvF,CC,3,4,2,4,2,3,3,6,6,5,6,6,6,5,6,5,5,5,6,6,6,3,2,4,4,2,2,35,f,-999,Community support worker,Control Condition,5.833333333333333,5.25,5.75,3.25,Study 2
XInVzQ7WPih4WenQ8BQZX2hONfnKlvPYbI6MUcgNFKt4IxMmCdYK-QY1n84SdIzG,CB,3,3,2,3,3,2,2,7,4,4,7,5,5,7,7,5,7,7,7,7,4,3,4,4,4,4,1,16,m,-999,Master's graduate/clinical case manager,Colored badges,5.333333333333333,6.5,6.25,2.75,Study 2
XInVzQ7WPih4WenQ8BQZX2hONfnKlvPYbI6MUcgNFKt4IxMmCdYK-QY1n84SdIzG,CC,2,2,2,3,4,1,4,5,4,4,5,4,4,6,5,6,6,5,6,5,4,-999,-999,-999,-999,-999,2,16,m,-999,Master's graduate/clinical case manager,Control Condition,4.333333333333333,5.75,5,2.25,Study 2
T-H7RzT4VlBdnCgt5s6OidkiJGkqw0Sr7exaXMR2fHK4StJRvIhHV90jYHSTYdE_,CB,1,2,1,2,4,1,3,7,6,6,7,6,6,6,7,5,7,7,7,7,7,4,4,4,3,4,1,16,m,1,NA,Colored badges,6.333333333333333,6.25,7,1.5,Study 2
T-H7RzT4VlBdnCgt5s6OidkiJGkqw0Sr7exaXMR2fHK4StJRvIhHV90jYHSTYdE_,GB,2,2,2,2,3,2,3,5,5,5,5,5,5,5,5,5,5,5,4,4,4,1,1,1,2,1,2,16,m,1,NA,Greyed out badges,5,5,4.25,2,Study 2
Jsrup1dFMYt6rgWXo-Ic5QsN7e7mVFkqLqc_GO4QswBPv0Ee39IuRpKDSvar8FDn,CC,1,2,3,2,4,1,4,7,7,7,7,7,7,6,7,7,6,7,7,7,7,3,3,3,2,-999,1,16,f,-999,Clinical Therapist,Control Condition,7,6.5,7,2,Study 2
Jsrup1dFMYt6rgWXo-Ic5QsN7e7mVFkqLqc_GO4QswBPv0Ee39IuRpKDSvar8FDn,CB,2,3,3,2,3,2,3,4,4,5,4,3,4,4,5,4,5,4,4,5,5,3,4,4,4,4,2,16,f,-999,Clinical Therapist,Colored badges,4,4.5,4.5,2.5,Study 2
-GjQ3L3ErW7Dawh4TtOlVv612hvXitNFgdHDBZ6WiOgK_LNnTcQYwSiaaQoluw1b,CC,2,3,2,2,4,1,3,6,5,6,6,5,6,6,5,5,5,5,5,5,6,2,-999,-999,2,2,1,16,f,1,NA,Control Condition,5.666666666666667,5.25,5.25,2.25,Study 2
-GjQ3L3ErW7Dawh4TtOlVv612hvXitNFgdHDBZ6WiOgK_LNnTcQYwSiaaQoluw1b,GB,3,2,3,2,2,1,2,5,4,5,5,4,5,4,4,5,4,5,4,5,4,-999,-999,-999,-999,-999,2,16,f,1,NA,Greyed out badges,4.666666666666667,4.25,4.5,2.5,Study 2
Xseq0VQTl8cC8Hfoxx01eeh0fjzbr8_lIKf6hjdIzwRbZasGU2YGk8Rk53t_E4g9,GB,3,1,1,3,4,1,4,3,4,4,4,4,4,3,3,3,3,5,4,3,3,1,1,1,1,1,1,16,m,1,NA,Greyed out badges,3.8333333333333335,3,3.75,2,Study 2
Xseq0VQTl8cC8Hfoxx01eeh0fjzbr8_lIKf6hjdIzwRbZasGU2YGk8Rk53t_E4g9,CB,2,2,2,2,2,3,2,4,4,4,4,5,5,5,7,5,6,4,5,6,5,4,4,4,3,4,2,16,m,1,NA,Colored badges,4.333333333333333,5.75,5,2,Study 2
ezQRdHBaQ7AlVRWa7RjIhBFZoaqcSwbK7IthHTHG7XI643WZlOXEX6KAoWVEc_0V,GB,2,2,3,3,3,1,3,4,5,5,6,5,5,4,4,6,7,5,5,5,5,1,2,1,2,2,1,16,f,1,NA,Greyed out badges,5,5.25,5,2.5,Study 2
ezQRdHBaQ7AlVRWa7RjIhBFZoaqcSwbK7IthHTHG7XI643WZlOXEX6KAoWVEc_0V,CC,1,1,2,1,4,2,4,7,7,7,7,7,7,6,7,5,7,6,7,7,7,3,2,-999,3,3,2,16,f,1,NA,Control Condition,7,6.25,6.75,1.25,Study 2
RNwCN6iaXerftZjrkJBk8ct6aPnHDYqlRmCSOLmG7DOR4zlB4HGVF157qEGiEtCc,GB,1,2,2,2,3,2,3,6,6,6,4,6,6,6,3,3,6,3,6,4,4,1,1,1,1,1,1,16,f,-999,Full time worker,Greyed out badges,5.666666666666667,4.5,4.25,1.75,Study 2
RNwCN6iaXerftZjrkJBk8ct6aPnHDYqlRmCSOLmG7DOR4zlB4HGVF157qEGiEtCc,CB,4,1,1,1,3,2,3,6,7,6,7,7,7,7,7,4,6,6,7,6,4,4,4,4,4,4,2,16,f,-999,Full time worker,Colored badges,6.666666666666667,6,5.75,1.75,Study 2
TbohxOxBKhGiHZ7XSalRyR6TQVEwTfTW9RA3D-rV5Cva92mIHdsiFxXstaG6PzcE,GB,2,3,4,3,3,2,3,6,7,6,5,6,5,6,5,5,5,5,6,5,4,2,1,1,2,2,1,16,f,1,NA,Greyed out badges,5.833333333333333,5.25,5,3,Study 2
TbohxOxBKhGiHZ7XSalRyR6TQVEwTfTW9RA3D-rV5Cva92mIHdsiFxXstaG6PzcE,CB,2,3,4,3,3,2,3,7,7,7,7,6,6,5,7,7,6,6,7,7,7,4,4,4,4,4,2,16,f,1,NA,Colored badges,6.666666666666667,6.25,6.75,3,Study 2
S665mBg7Z-YVVnqPwjD26AFJW51nkutIWpRruQv7-xjCCmIaWTdYIIgGCRJMjV7n,GB,2,2,2,2,3,2,3,5,6,6,6,5,5,6,5,7,5,5,4,5,6,2,2,1,3,2,1,16,f,1,NA,Greyed out badges,5.5,5.75,5,2,Study 2
S665mBg7Z-YVVnqPwjD26AFJW51nkutIWpRruQv7-xjCCmIaWTdYIIgGCRJMjV7n,CC,2,2,2,2,3,2,3,6,6,7,6,5,6,6,6,5,6,6,5,6,5,-999,2,-999,3,2,2,16,f,1,NA,Control Condition,6,5.75,5.5,2,Study 2
QmHCZtUdL9RU_oO2OaLe5TziurwvfDevGSJ9CH9fFpaoThxQBx-u-DfNGW1CzjHk,CB,2,4,2,4,3,2,3,6,7,5,7,4,6,6,7,4,6,6,6,7,5,4,4,4,4,4,1,50,f,-999,Executive Director: Workforce Development,Colored badges,5.833333333333333,5.75,6,3,Study 2
QmHCZtUdL9RU_oO2OaLe5TziurwvfDevGSJ9CH9fFpaoThxQBx-u-DfNGW1CzjHk,CC,2,3,2,4,3,2,3,6,7,7,7,6,6,5,5,6,6,6,6,6,4,2,2,2,2,1,2,50,f,-999,Executive Director: Workforce Development,Control Condition,6.5,5.5,5.5,2.75,Study 2
n2NUsoX6D_sc0902eo9Sazly3cyRAOZW7TJBAxy02nIPS5LWW-8hrx5DrbZt0wKN,CB,2,3,3,4,2,3,2,7,7,7,7,7,7,7,7,6,7,7,7,7,7,4,4,4,4,4,1,16,m,2,NA,Colored badges,7,6.75,7,3,Study 2
n2NUsoX6D_sc0902eo9Sazly3cyRAOZW7TJBAxy02nIPS5LWW-8hrx5DrbZt0wKN,GB,2,4,3,4,3,2,3,5,6,6,5,6,7,7,5,7,6,6,5,6,6,1,3,1,1,1,2,16,m,2,NA,Greyed out badges,5.833333333333333,6.25,5.75,3.25,Study 2
jlkCjbB_n_nQGWsWbp2ShmYvl9Kws2zYAFh7gvcz6OwK6PWtBUEVcoeej7FlqALE,CB,4,3,3,4,2,2,2,3,3,3,4,4,4,3,3,4,4,4,5,4,3,3,3,4,1,-999,1,16,m,2,NA,Colored badges,3.5,3.5,4,3.5,Study 2
jlkCjbB_n_nQGWsWbp2ShmYvl9Kws2zYAFh7gvcz6OwK6PWtBUEVcoeej7FlqALE,GB,3,3,3,3,2,2,2,5,4,5,4,3,5,4,3,4,6,4,4,5,3,4,2,1,2,1,2,16,m,2,NA,Greyed out badges,4.333333333333333,4.25,4,3,Study 2
zhuT4OqmsBrBAtwvujRMGWJslZ3mGSDyozI9NC5D1NwcWQFQvZtdA2gw-ZfG5X2E,GB,2,2,3,2,3,2,3,6,6,6,6,5,6,6,5,5,6,6,6,6,5,1,1,1,1,1,1,16,m,1,NA,Greyed out badges,5.833333333333333,5.5,5.75,2.25,Study 2
zhuT4OqmsBrBAtwvujRMGWJslZ3mGSDyozI9NC5D1NwcWQFQvZtdA2gw-ZfG5X2E,CC,2,2,3,2,3,2,3,6,6,6,6,6,6,6,6,6,7,6,6,6,6,-999,-999,4,4,-999,2,16,m,1,NA,Control Condition,6,6.25,6,2.25,Study 2
BqTdsyhaDWgDeJ5Iss7RakMjJcjtUSN3okIv3NNUIrlzx87EMi67MdP5AEJdwJLi,CB,2,3,2,3,2,3,1,6,7,7,6,4,4,6,4,4,4,4,4,4,4,3,4,4,3,4,1,16,f,-999,Undergraduate,Colored badges,5.666666666666667,4.5,4,2.5,Study 2
BqTdsyhaDWgDeJ5Iss7RakMjJcjtUSN3okIv3NNUIrlzx87EMi67MdP5AEJdwJLi,GB,2,2,2,2,3,2,3,7,7,7,6,4,4,4,4,4,4,4,4,4,4,3,1,1,2,1,2,16,f,-999,Undergraduate,Greyed out badges,5.833333333333333,4,4,2,Study 2
eR0raKFvz2sjJQYC6mzbC8V19RP20RYjVP4Hr-7GWIvv__lAxxc7oKc33sdR_7hp,CB,1,1,2,3,4,1,4,7,7,7,7,7,7,7,7,7,7,7,7,7,7,4,4,4,4,4,1,16,f,1,NA,Colored badges,7,7,7,1.75,Study 2
eR0raKFvz2sjJQYC6mzbC8V19RP20RYjVP4Hr-7GWIvv__lAxxc7oKc33sdR_7hp,GB,1,3,3,3,2,2,2,4,6,6,5,4,6,4,4,4,4,4,5,4,3,1,1,1,1,1,2,16,f,1,NA,Greyed out badges,5.166666666666667,4,4,2.5,Study 2
iPtbRb4jQwh_36CAbeSZKKxZzFgH4xEETDjWhp5zaXt4kYnelfR-woaZpYry6NYK,CB,1,2,3,2,4,1,4,6,6,5,7,4,4,6,7,5,6,4,4,6,6,4,4,4,4,4,1,35,f,-999,I work in nonprofit,Colored badges,5.333333333333333,6,5,2,Study 2
iPtbRb4jQwh_36CAbeSZKKxZzFgH4xEETDjWhp5zaXt4kYnelfR-woaZpYry6NYK,GB,2,2,3,2,3,2,3,5,5,4,4,4,4,5,3,4,4,4,5,4,2,2,1,1,2,1,2,35,f,-999,I work in nonprofit,Greyed out badges,4.333333333333333,4,3.75,2.25,Study 2
PtuoIZx7zOPE8cVNZnryKrqcmL4YVDxkqIioqSv92ssfRGFeJrAyojaZLaC3agrt,CB,1,2,1,2,3,1,4,6,7,6,7,4,6,7,7,6,7,7,7,7,7,4,4,4,4,4,1,35,f,-999,Public Health Educator,Colored badges,6,6.75,7,1.5,Study 2
PtuoIZx7zOPE8cVNZnryKrqcmL4YVDxkqIioqSv92ssfRGFeJrAyojaZLaC3agrt,GB,3,3,2,3,2,3,2,3,4,5,4,4,3,4,2,3,2,3,2,1,5,1,1,1,1,1,2,35,f,-999,Public Health Educator,Greyed out badges,3.8333333333333335,2.75,2.75,2.75,Study 2
49ex6zPkeX4wc64QQ__Pqa7CL88pFa5LDu_4oqx51j6eTFc9I7hVxTGFPGebf76f,CC,2,3,3,3,2,2,3,4,5,6,5,6,6,5,5,4,5,4,5,6,5,4,4,4,4,4,1,16,m,-999,Case Manager,Control Condition,5.333333333333333,4.75,5,2.75,Study 2
49ex6zPkeX4wc64QQ__Pqa7CL88pFa5LDu_4oqx51j6eTFc9I7hVxTGFPGebf76f,CB,1,2,2,2,3,2,3,6,5,5,5,5,5,5,5,5,5,5,5,5,4,3,2,2,3,2,2,16,m,-999,Case Manager,Colored badges,5.166666666666667,5,4.75,1.75,Study 2
5KAKQTTSm59oQMvpCRnvnrzlsP4j0XGwd519Zdi5LsZyG89chFPd4ojiKZQAbJmh,GB,1,2,2,2,3,2,3,5,2,3,2,3,5,4,3,4,4,5,2,5,4,-999,2,1,2,1,1,16,m,1,NA,Greyed out badges,3.3333333333333335,3.75,4,1.75,Study 2
5KAKQTTSm59oQMvpCRnvnrzlsP4j0XGwd519Zdi5LsZyG89chFPd4ojiKZQAbJmh,CC,2,2,2,2,3,2,3,5,6,5,6,5,4,5,4,5,5,5,5,5,4,-999,2,2,2,2,2,16,m,1,NA,Control Condition,5.166666666666667,4.75,4.75,2,Study 2
SBKhbv_G_Uy6ABi-BnUBJ8E3_EHimdGUyVazyQECyG-c58VbdnMMeZz8vyKRSZnK,CC,1,1,1,1,4,1,4,7,7,7,7,7,7,7,7,7,7,7,7,7,7,3,-999,-999,-999,-999,1,16,f,-999,Admin worker,Control Condition,7,7,7,1,Study 2
SBKhbv_G_Uy6ABi-BnUBJ8E3_EHimdGUyVazyQECyG-c58VbdnMMeZz8vyKRSZnK,GB,1,3,2,3,3,2,3,7,7,7,7,7,7,7,3,4,3,7,4,7,3,1,1,1,1,1,2,16,f,-999,Admin worker,Greyed out badges,7,4.25,5.25,2.25,Study 2
hvCtj6402fcDEI4KukIpJbSm_CwkIaolJevqvn6TtfUxs_hLtjZD6dfNFYyGNt2A,GB,2,2,3,3,2,3,1,5,5,5,4,4,5,5,6,4,6,5,6,6,4,3,1,1,2,1,1,50,f,-999,Student,Greyed out badges,4.666666666666667,5.25,5.25,2.5,Study 2
hvCtj6402fcDEI4KukIpJbSm_CwkIaolJevqvn6TtfUxs_hLtjZD6dfNFYyGNt2A,CB,3,4,2,3,3,2,2,5,4,5,6,6,5,6,5,5,6,5,5,6,5,4,4,4,4,4,2,50,f,-999,Student,Colored badges,5.166666666666667,5.5,5.25,3,Study 2
Dv3eQk3raTllIKiLh1hLioZwdpwwrekoA7E1B7MJbr2jbKgA9mT-icDv_FGfjzT0,CB,1,1,1,2,3,1,3,7,7,7,7,7,7,7,7,6,7,7,7,7,7,4,4,4,4,4,1,16,f,-999,Research Fellow,Colored badges,7,6.75,7,1.25,Study 2
Dv3eQk3raTllIKiLh1hLioZwdpwwrekoA7E1B7MJbr2jbKgA9mT-icDv_FGfjzT0,CC,1,1,1,2,1,1,1,7,7,7,7,7,7,7,7,7,7,7,7,7,7,2,-999,-999,2,-999,2,16,f,-999,Research Fellow,Control Condition,7,7,7,1.25,Study 2
K42e4aL02Ez3_Mg56YroBNdCpD2_8_FYPDdo6QSEiYy2OeUB1E-3DBl4yKedvl47,CC,1,1,2,2,3,2,3,6,6,6,6,6,6,5,5,5,5,5,5,5,4,2,3,-999,3,-999,1,16,f,-999,social worker,Control Condition,6,5,4.75,1.5,Study 2
K42e4aL02Ez3_Mg56YroBNdCpD2_8_FYPDdo6QSEiYy2OeUB1E-3DBl4yKedvl47,CB,1,1,2,3,3,2,3,6,5,6,6,5,5,5,4,4,5,5,5,5,4,4,4,4,4,4,2,16,f,-999,social worker,Colored badges,5.5,4.5,4.75,1.75,Study 2
YTMyedPD-IedyHyrxyJUe8b0v4-Wyk45d62VzwW4DgFwmAh-IT8_ECai6U5hfJMZ,CC,2,3,2,4,3,2,3,5,5,6,5,5,5,4,4,4,4,4,5,4,4,3,4,2,2,3,1,16,f,1,NA,Control Condition,5.166666666666667,4,4.25,2.75,Study 2
YTMyedPD-IedyHyrxyJUe8b0v4-Wyk45d62VzwW4DgFwmAh-IT8_ECai6U5hfJMZ,GB,3,3,2,2,2,3,2,3,4,5,3,4,3,3,3,4,4,3,3,4,3,1,1,1,1,1,2,16,f,1,NA,Greyed out badges,3.6666666666666665,3.5,3.25,2.5,Study 2
pWm9waNPeq64CSLRTqWErHI0Ex-vHAMYZpxEJ8Pr1uhPdQ4onJVXPN7gBQv_OJVx,GB,1,4,1,4,4,1,4,6,4,6,4,6,6,4,4,6,4,4,4,4,4,1,1,1,1,1,1,16,f,-999,College student,Greyed out badges,5.333333333333333,4.5,4,2.5,Study 2
pWm9waNPeq64CSLRTqWErHI0Ex-vHAMYZpxEJ8Pr1uhPdQ4onJVXPN7gBQv_OJVx,CC,3,3,2,3,3,3,3,6,7,6,6,7,6,7,6,6,6,6,7,6,6,-999,-999,-999,-999,-999,2,16,f,-999,College student,Control Condition,6.333333333333333,6.25,6.25,2.75,Study 2
Hm8IxZhjChk0apz9cewYvje8el4iKf2UML5HoRv3p0wutB3XiQEUsuAzk5OmnRrl,CC,2,4,2,4,2,3,3,6,6,5,6,5,6,4,5,4,5,5,5,5,4,2,-999,-999,3,-999,1,16,f,3,NA,Control Condition,5.666666666666667,4.5,4.75,3,Study 2
Hm8IxZhjChk0apz9cewYvje8el4iKf2UML5HoRv3p0wutB3XiQEUsuAzk5OmnRrl,CB,1,3,2,3,3,3,3,6,6,6,6,6,6,5,5,5,5,4,5,5,5,2,3,4,3,3,2,16,f,3,NA,Colored badges,6,5,4.75,2.25,Study 2
14q25X19gxDNHoSFWdX6j0hwg2tMyWk4tKACitSc0mTW1d-2g16Fi85okzxv2guu,GB,1,2,1,2,3,1,3,7,6,7,6,6,7,6,6,6,6,5,5,5,4,1,1,1,2,2,1,16,f,1,NA,Greyed out badges,6.5,6,4.75,1.5,Study 2
14q25X19gxDNHoSFWdX6j0hwg2tMyWk4tKACitSc0mTW1d-2g16Fi85okzxv2guu,CB,1,1,1,1,3,1,3,6,6,7,7,6,6,7,6,6,7,7,6,6,7,4,4,4,4,4,2,16,f,1,NA,Colored badges,6.333333333333333,6.5,6.5,1,Study 2
Gc1I55RZerYxGKcIi1g-_ydjCgt4WNncGiE21xZK2vYYTXdypoBmM518o1H4_LOq,GB,3,1,3,2,2,2,2,5,3,5,5,4,5,5,5,5,4,5,5,5,5,2,2,2,2,2,1,50,f,-999,Graduate student,Greyed out badges,4.5,4.75,5,2.25,Study 2
Gc1I55RZerYxGKcIi1g-_ydjCgt4WNncGiE21xZK2vYYTXdypoBmM518o1H4_LOq,CB,2,2,2,2,3,2,3,6,5,6,5,6,6,6,5,6,6,6,6,6,5,4,4,4,4,4,2,50,f,-999,Graduate student,Colored badges,5.666666666666667,5.75,5.75,2,Study 2
dXdexX1Ep6mA8YQ2MF5Wrb9WbAQM8komYxGt_vAM7vBgPV1GLYfn-ONjQRIPDvvs,CC,1,2,2,1,3,2,3,7,7,6,7,6,7,6,6,6,6,5,6,7,6,4,-999,-999,3,-999,1,16,m,1,NA,Control Condition,6.666666666666667,6,6,1.5,Study 2
dXdexX1Ep6mA8YQ2MF5Wrb9WbAQM8komYxGt_vAM7vBgPV1GLYfn-ONjQRIPDvvs,CB,1,2,2,2,3,2,3,7,7,7,7,7,6,7,7,6,7,7,7,7,7,4,3,4,4,4,2,16,m,1,NA,Colored badges,6.833333333333333,6.75,7,1.75,Study 2
AChE-RPMOvx8r-23Swb7wfTRojpvTT_5YnvFcfy8PEpOHSV6gJuMyWqXH4v0xhp8,CB,2,1,3,3,4,1,4,6,7,6,7,6,7,7,7,6,5,5,7,6,6,4,-999,3,4,3,1,16,m,-999,Program Generalist,Colored badges,6.5,6.25,6,2.25,Study 2
AChE-RPMOvx8r-23Swb7wfTRojpvTT_5YnvFcfy8PEpOHSV6gJuMyWqXH4v0xhp8,GB,1,1,1,2,4,1,4,7,7,6,6,5,7,7,7,7,7,7,7,7,7,2,3,4,4,4,2,16,m,-999,Program Generalist,Greyed out badges,6.333333333333333,7,7,1.25,Study 2
tfdGygx55YDSdx7ogv_vWfpxUsrJIDWvXP7xEJ_qVhNvgp5wCMtdFd-77vCCfdUx,CB,1,3,2,3,3,1,3,6,6,6,6,6,6,6,6,6,6,6,6,6,6,4,4,4,4,4,1,16,f,-999,Nonprofit Research Assistant,Colored badges,6,6,6,2.25,Study 2
tfdGygx55YDSdx7ogv_vWfpxUsrJIDWvXP7xEJ_qVhNvgp5wCMtdFd-77vCCfdUx,CC,1,2,2,2,4,1,4,5,5,5,5,5,5,4,5,5,5,5,5,5,4,3,2,1,2,2,2,16,f,-999,Nonprofit Research Assistant,Control Condition,5,4.75,4.75,1.75,Study 2
sopnaqQnEVkocAwWpSJO_2HOy2CiA9dWEnC6Ypz4pt3p0yLOQ1o7fOG24kEHIIUO,CC,3,2,3,3,2,3,2,6,6,6,6,4,6,6,4,4,3,4,3,6,5,3,-999,-999,4,-999,1,16,f,-999,Program Support  3 and Client Assistance Manager  for Hosing services,Control Condition,5.666666666666667,4.25,4.5,2.75,Study 2
sopnaqQnEVkocAwWpSJO_2HOy2CiA9dWEnC6Ypz4pt3p0yLOQ1o7fOG24kEHIIUO,GB,3,2,2,2,3,2,3,6,5,6,6,4,4,6,5,5,5,6,6,4,5,1,1,1,2,1,2,16,f,-999,Program Support  3 and Client Assistance Manager  for Hosing services,Greyed out badges,5.166666666666667,5.25,5.25,2.25,Study 2
A6rQmqc6A62IB6A1JVNwh_BnYG1wX8OPJKVg8P7nLEVJXHSh3cxIsPxKi4ziH269,CC,1,2,1,3,4,1,4,7,7,7,7,6,7,6,7,6,6,5,7,7,7,2,-999,-999,-999,-999,1,16,f,1,NA,Control Condition,6.833333333333333,6.25,6.5,1.75,Study 2
A6rQmqc6A62IB6A1JVNwh_BnYG1wX8OPJKVg8P7nLEVJXHSh3cxIsPxKi4ziH269,CB,4,3,2,3,4,1,4,7,7,7,7,7,7,7,7,7,7,7,7,7,7,4,4,4,4,4,2,16,f,1,NA,Colored badges,7,7,7,3,Study 2
utrDKHSnfZbUTIuk_drZ3xJ7XPB_8HmmGnbln3DdlNNP8JyI7Z0FwG_Zq8HnMLcH,CB,1,2,2,2,3,2,3,6,6,6,6,6,6,6,6,6,6,6,6,6,6,4,4,4,4,4,1,50,f,5,NA,Colored badges,6,6,6,1.75,Study 2
utrDKHSnfZbUTIuk_drZ3xJ7XPB_8HmmGnbln3DdlNNP8JyI7Z0FwG_Zq8HnMLcH,GB,3,2,3,3,2,2,3,3,4,4,4,3,4,4,2,4,3,4,3,4,4,1,1,1,1,1,2,50,f,5,NA,Greyed out badges,3.6666666666666665,3.25,3.75,2.75,Study 2
0PVtCyuGh8kwNPMg922j8Zwabe6_jnj0GponBvWOKii1vPcsi6rOT-Iq8Kzr0rT4,CB,1,4,3,2,4,1,4,5,6,6,6,5,6,5,6,5,6,5,7,6,6,-999,3,4,4,4,1,16,m,-999,health carer,Colored badges,5.666666666666667,5.5,6,2.5,Study 2
0PVtCyuGh8kwNPMg922j8Zwabe6_jnj0GponBvWOKii1vPcsi6rOT-Iq8Kzr0rT4,CC,1,4,2,4,3,3,2,5,6,6,6,6,5,5,6,4,5,5,6,6,6,-999,3,3,3,4,2,16,m,-999,health carer,Control Condition,5.666666666666667,5,5.75,2.75,Study 2
zvnYKrdFeZxZ6NX4n5NKHSCyMB881Q7WHXTCVEL-4sCgPDqruPjmlw8fSvbbZ43t,CB,1,2,1,2,3,1,3,6,7,7,7,7,7,6,6,5,6,6,5,6,5,4,4,4,3,3,1,16,f,-999,Service Coordinator,Colored badges,6.833333333333333,5.75,5.5,1.5,Study 2
zvnYKrdFeZxZ6NX4n5NKHSCyMB881Q7WHXTCVEL-4sCgPDqruPjmlw8fSvbbZ43t,GB,2,2,3,1,2,2,3,6,5,7,6,4,7,5,5,5,5,5,5,5,4,2,1,1,2,1,2,16,f,-999,Service Coordinator,Greyed out badges,5.833333333333333,5,4.75,2,Study 2
m0MM-ck6cMttf-3e41hmXrqyBh_JmtZON8w74rEfJNjwZUDoKBdiKCEWOw845urw,CC,1,2,3,3,4,1,4,6,6,7,6,5,6,5,6,7,6,6,6,6,6,4,-999,-999,-999,-999,1,16,f,-999,Student,Control Condition,6,6,6,2.25,Study 2
m0MM-ck6cMttf-3e41hmXrqyBh_JmtZON8w74rEfJNjwZUDoKBdiKCEWOw845urw,GB,2,3,2,4,2,2,3,4,4,4,5,3,4,4,4,4,4,4,4,5,3,1,1,1,-999,1,2,16,f,-999,Student,Greyed out badges,4,4,4,2.75,Study 2
v06SybXI4_Lon7d6p918Dwq-5AVgUdjhTzwJqj-JBt2xVkOaJjhHB0ZQm9m78JP2,CB,3,3,3,3,3,2,3,7,6,7,6,7,7,4,5,5,5,5,6,6,7,3,4,4,4,4,1,16,m,-999,University Student,Colored badges,6.666666666666667,4.75,6,3,Study 2
v06SybXI4_Lon7d6p918Dwq-5AVgUdjhTzwJqj-JBt2xVkOaJjhHB0ZQm9m78JP2,CC,3,3,3,2,4,3,4,7,7,7,7,7,7,5,7,6,7,6,7,6,6,1,-999,3,1,1,2,16,m,-999,University Student,Control Condition,7,6.25,6.25,2.75,Study 2
UyTKiOe-XH6YdOu5OF0BQ-ie_3Gc4endG_lWNYWy_Xx8BV18iMibgg8Ul1oOKwpK,CC,2,2,2,2,3,2,3,5,5,3,5,4,5,4,4,4,5,4,5,4,4,3,4,3,3,-999,1,35,m,-999,Operational,Control Condition,4.5,4.25,4.25,2,Study 2
UyTKiOe-XH6YdOu5OF0BQ-ie_3Gc4endG_lWNYWy_Xx8BV18iMibgg8Ul1oOKwpK,GB,3,3,2,2,2,2,2,3,3,3,3,3,3,3,3,3,3,3,3,3,3,1,1,1,2,1,2,35,m,-999,Operational,Greyed out badges,3,3,3,2.5,Study 2
R-12LLTipT6imsFt9L05Df4diBVz3ClRg6J-4klZkZJHJucxKJ6pCHbROtpNfN7K,CC,3,3,4,4,3,1,3,6,7,6,5,5,4,5,6,4,4,4,4,4,5,-999,-999,-999,1,-999,1,16,m,1,NA,Control Condition,5.5,4.75,4.25,3.5,Study 2
R-12LLTipT6imsFt9L05Df4diBVz3ClRg6J-4klZkZJHJucxKJ6pCHbROtpNfN7K,GB,3,3,4,4,2,1,2,4,6,6,5,3,4,4,5,5,5,4,4,4,5,1,2,2,1,2,2,16,m,1,NA,Greyed out badges,4.666666666666667,4.75,4.25,3.5,Study 2
0WsleG_r_-cjmgC_EMxABLhTOWecK7OTxhjcmbQ2Ju8z8zBOCbE6wVbVCbb7MEie,CB,2,2,2,3,3,2,3,6,6,6,6,5,6,5,5,6,6,5,5,6,4,4,4,4,3,4,1,35,f,1,NA,Colored badges,5.833333333333333,5.5,5,2.25,Study 2
0WsleG_r_-cjmgC_EMxABLhTOWecK7OTxhjcmbQ2Ju8z8zBOCbE6wVbVCbb7MEie,CC,2,3,3,4,3,2,3,5,5,5,6,5,5,5,6,5,5,5,5,5,5,2,2,-999,2,-999,2,35,f,1,NA,Control Condition,5.166666666666667,5.25,5,3,Study 2
OGJC_L0-iTuEnL9pdvkIwrX7FENtLOfksdRfG-9Yi0HgBXv5T20rtLr3ucBAt09m,GB,2,2,1,3,2,2,3,3,5,5,5,2,3,3,5,4,5,4,3,5,4,4,2,1,2,1,1,16,f,1,NA,Greyed out badges,3.8333333333333335,4.25,4,2,Study 2
OGJC_L0-iTuEnL9pdvkIwrX7FENtLOfksdRfG-9Yi0HgBXv5T20rtLr3ucBAt09m,CB,2,4,2,4,3,2,3,6,6,6,6,5,6,5,6,5,5,4,6,5,4,3,3,4,4,4,2,16,f,1,NA,Colored badges,5.833333333333333,5.25,4.75,3,Study 2
gGuJp5jZzbnUunRiI17Jf5bs-koXgwDOQNc4EU-0OrIqcce4tY3prG7m7BwC-Ev9,CC,2,2,3,3,4,1,4,5,5,6,5,5,5,6,7,7,7,7,7,6,7,1,-999,-999,1,-999,1,16,f,1,NA,Control Condition,5.166666666666667,6.75,6.75,2.5,Study 2
gGuJp5jZzbnUunRiI17Jf5bs-koXgwDOQNc4EU-0OrIqcce4tY3prG7m7BwC-Ev9,CB,3,2,3,3,3,2,3,7,6,6,6,6,5,7,7,6,7,7,7,7,5,4,4,4,-999,4,2,16,f,1,NA,Colored badges,6,6.75,6.5,2.75,Study 2
q0zpM3iMPNvYct40w0nVnoF9Yspj0rkJjvXR2GBSQGK0jGjIevdtNyZVZbkaXPH2,CC,1,4,3,2,2,1,4,4,6,6,6,6,5,4,4,5,5,5,5,4,6,-999,-999,-999,2,-999,1,16,m,1,NA,Control Condition,5.5,4.5,5,2.5,Study 2
q0zpM3iMPNvYct40w0nVnoF9Yspj0rkJjvXR2GBSQGK0jGjIevdtNyZVZbkaXPH2,CB,3,2,1,1,4,1,4,7,7,7,7,7,7,6,6,7,6,7,7,7,7,4,4,4,4,4,2,16,m,1,NA,Colored badges,7,6.25,7,1.75,Study 2
d_d5C0oFWfwkUaatokvNBjCDGpgxtHSS4RQR3E34rBlTxs9Bor3Gcb3VtLT0fLoN,CC,3,2,2,4,2,2,2,5,4,5,5,5,4,3,4,4,4,4,4,5,4,4,-999,-999,4,-999,1,16,f,1,NA,Control Condition,4.666666666666667,3.75,4.25,2.75,Study 2
d_d5C0oFWfwkUaatokvNBjCDGpgxtHSS4RQR3E34rBlTxs9Bor3Gcb3VtLT0fLoN,GB,2,3,3,4,4,1,4,7,6,6,6,6,5,5,5,5,5,5,4,6,5,1,1,1,1,1,2,16,f,1,NA,Greyed out badges,6,5,5,3,Study 2
SAxOaIJJeoGX-6dyzdWeUXf3av-unqE_sHlyEpeC47yDCX7BsMiNbNZaToRuQCQd,GB,3,2,3,2,3,3,3,5,5,4,6,5,5,5,5,6,5,5,6,5,4,1,1,1,1,1,1,50,f,-999,nurse,Greyed out badges,5,5.25,5,2.5,Study 2
SAxOaIJJeoGX-6dyzdWeUXf3av-unqE_sHlyEpeC47yDCX7BsMiNbNZaToRuQCQd,CC,1,4,1,2,3,1,4,7,7,7,7,7,6,6,7,6,6,6,7,7,6,4,4,4,4,4,2,50,f,-999,nurse,Control Condition,6.833333333333333,6.25,6.5,2,Study 2
YmrnvDyWj3JjhT8VKAdq4aVNWitYW1_1p6JbOdrnD8CkSfS3iIDv0DRWjBcRVHq4,CB,2,2,2,3,3,2,3,6,5,5,5,5,5,4,5,4,5,4,5,5,5,2,-999,3,2,-999,1,16,m,1,NA,Colored badges,5.166666666666667,4.5,4.75,2.25,Study 2
YmrnvDyWj3JjhT8VKAdq4aVNWitYW1_1p6JbOdrnD8CkSfS3iIDv0DRWjBcRVHq4,CC,1,2,1,2,3,2,4,6,5,5,6,5,4,5,5,5,6,5,6,6,6,3,-999,-999,3,-999,2,16,m,1,NA,Control Condition,5.166666666666667,5.25,5.75,1.5,Study 2
pYVtLbfJDSVusF0bKZXSr-ogh32whqsxlBnoix7JkWbB031Lxk7jHxZD2b762IEy,CC,3,3,3,3,2,3,2,3,6,6,5,2,2,6,5,3,4,5,5,4,4,-999,-999,-999,-999,-999,1,16,f,-999,Occupational therapist,Control Condition,4,4.5,4.5,3,Study 2
pYVtLbfJDSVusF0bKZXSr-ogh32whqsxlBnoix7JkWbB031Lxk7jHxZD2b762IEy,GB,2,3,2,2,3,2,3,6,6,6,6,6,6,6,6,6,6,6,6,6,6,3,1,1,1,1,2,16,f,-999,Occupational therapist,Greyed out badges,6,6,6,2.25,Study 2
v1rWURZ73dtmUZD_cFFVOTEdV4CepEWv4q0ZBPzauCQcMGM793AGxA5hJseZota7,CB,1,2,2,2,3,1,3,7,7,7,7,7,7,7,7,7,7,7,7,7,7,1,1,1,1,1,1,35,f,4,NA,Colored badges,7,7,7,1.75,Study 2
v1rWURZ73dtmUZD_cFFVOTEdV4CepEWv4q0ZBPzauCQcMGM793AGxA5hJseZota7,CC,1,1,2,2,3,1,3,7,7,7,7,7,7,7,7,7,7,7,7,7,7,3,1,1,-999,-999,2,35,f,4,NA,Control Condition,7,7,7,1.5,Study 2
m_iXWy7_jsDPDQbsF70PQPe3cYzpaqm8ReYe1Mhxj69WQ9IzHjsmZcUcGlSuz4bj,CC,2,2,2,3,2,3,3,7,7,7,7,7,7,6,6,5,6,5,6,6,6,3,-999,3,3,-999,1,16,f,-999,Non academic,Control Condition,7,5.75,5.75,2.25,Study 2
m_iXWy7_jsDPDQbsF70PQPe3cYzpaqm8ReYe1Mhxj69WQ9IzHjsmZcUcGlSuz4bj,CB,2,2,2,3,3,3,3,6,7,7,7,6,7,6,6,6,6,5,6,6,6,4,4,4,4,4,2,16,f,-999,Non academic,Colored badges,6.666666666666667,6,5.75,2.25,Study 2
c0rqR9oLAWzUUG1DsGYGvA0REaanbp4T3wN59l759aHpu25q2o-otps-FCr6S885,CC,2,3,2,4,2,3,3,6,5,6,5,5,7,6,6,5,7,5,7,6,5,4,4,4,3,4,1,16,f,-999,Psychology Undergraduate,Control Condition,5.666666666666667,6,5.75,2.75,Study 2
c0rqR9oLAWzUUG1DsGYGvA0REaanbp4T3wN59l759aHpu25q2o-otps-FCr6S885,CB,2,4,3,4,2,3,2,6,6,7,5,5,7,5,6,6,6,6,7,6,6,1,4,4,2,4,2,16,f,-999,Psychology Undergraduate,Colored badges,6,5.75,6.25,3.25,Study 2
fHHbPAyPJOLol7HpUsO6hvtLG8BqaXvW_eSvoCalGFl9X6nteVk-rrUsdegrdfln,CB,1,2,4,2,3,2,3,5,5,5,5,4,5,5,5,5,5,6,6,5,4,2,-999,3,3,4,1,16,f,-999,Support worker,Colored badges,4.833333333333333,5,5.25,2.25,Study 2
fHHbPAyPJOLol7HpUsO6hvtLG8BqaXvW_eSvoCalGFl9X6nteVk-rrUsdegrdfln,GB,2,3,3,3,3,2,3,5,6,6,6,6,6,5,5,6,5,5,5,5,5,3,2,2,2,1,2,16,f,-999,Support worker,Greyed out badges,5.833333333333333,5.25,5,2.75,Study 2
7VUn9DvY6zIoLldBkUH074fJBctLkJThJ8OOaKtKQka0OQDvv3wFxxMCLbG6KD7r,CC,4,4,2,4,3,2,3,7,7,7,7,7,7,6,7,7,7,7,7,7,6,3,-999,-999,4,-999,1,35,f,-999,mental health worker,Control Condition,7,6.75,6.75,3.5,Study 2
7VUn9DvY6zIoLldBkUH074fJBctLkJThJ8OOaKtKQka0OQDvv3wFxxMCLbG6KD7r,GB,3,2,2,4,1,4,1,7,7,7,7,7,7,7,7,7,7,7,7,7,7,-999,1,1,3,1,2,35,f,-999,mental health worker,Greyed out badges,7,7,7,2.75,Study 2
15ibeOha-SM4ivm-joUISHAAaloiqMJ7AZpVkn7D-AWzr03wJPLQq-2WDFylgKbB,CB,1,2,1,4,4,1,4,4,4,4,4,4,4,4,4,4,4,4,4,4,4,-999,-999,4,-999,4,1,35,f,1,NA,Colored badges,4,4,4,2,Study 2
15ibeOha-SM4ivm-joUISHAAaloiqMJ7AZpVkn7D-AWzr03wJPLQq-2WDFylgKbB,GB,2,2,1,4,3,2,3,2,4,4,3,1,4,4,4,4,4,4,4,4,4,1,1,1,1,1,2,35,f,1,NA,Greyed out badges,3,4,4,2.25,Study 2
KNQ3ADpletOpp61puFAsDUprakUfagVxwgn_xbPw9kylV_nJD5pXrwNuTxxeMzVf,CB,3,2,3,2,4,1,4,4,4,5,5,6,4,4,4,4,4,5,4,5,4,4,4,4,4,4,1,35,f,5,NA,Colored badges,4.666666666666667,4,4.5,2.5,Study 2
KNQ3ADpletOpp61puFAsDUprakUfagVxwgn_xbPw9kylV_nJD5pXrwNuTxxeMzVf,GB,1,4,1,4,3,2,3,7,6,6,7,7,6,7,7,7,7,7,7,7,7,1,1,1,1,1,2,35,f,5,NA,Greyed out badges,6.5,7,7,2.5,Study 2
a2uKch234NFNyLZjQ5z3iVhrboaUD070MIzJcRYWEotar6-oDr_DHIcEoDrrKfQM,GB,3,3,2,3,2,2,2,5,6,6,5,4,5,5,4,4,5,5,4,5,5,2,1,-999,2,2,1,50,f,3,NA,Greyed out badges,5.166666666666667,4.5,4.75,2.75,Study 2
a2uKch234NFNyLZjQ5z3iVhrboaUD070MIzJcRYWEotar6-oDr_DHIcEoDrrKfQM,CB,2,3,3,3,2,3,2,6,6,6,5,5,5,5,6,5,4,5,4,6,6,4,4,4,3,4,2,50,f,3,NA,Colored badges,5.5,5,5.25,2.75,Study 2
_CRKcSjga0k__-jB9azZGSkGATJGErROepH1oeEKvLDWa-H-PxlobnNMIBGZ03cJ,CB,2,2,3,4,2,2,2,4,5,5,4,4,5,4,4,4,4,4,5,3,4,3,-999,-999,2,-999,1,35,f,-999,Support Worker,Colored badges,4.5,4,4,2.75,Study 2
_CRKcSjga0k__-jB9azZGSkGATJGErROepH1oeEKvLDWa-H-PxlobnNMIBGZ03cJ,CC,1,2,2,2,2,2,2,4,4,4,4,4,4,4,4,4,4,4,4,4,4,-999,-999,-999,-999,-999,2,35,f,-999,Support Worker,Control Condition,4,4,4,1.75,Study 2
mkQzp3pAq9P95_uwtDXUHUMK_KpYNe7u8M-o4wf7YcsR-Tx2ijy5tK_ruhGEcV7o,CC,2,4,4,4,3,2,3,2,4,3,2,2,3,4,4,4,4,4,3,3,2,2,-999,-999,1,1,1,35,f,-999,Assistant Educational Psychologist,Control Condition,2.6666666666666665,4,3,3.5,Study 2
mkQzp3pAq9P95_uwtDXUHUMK_KpYNe7u8M-o4wf7YcsR-Tx2ijy5tK_ruhGEcV7o,GB,2,4,4,4,2,3,2,2,3,1,1,2,2,1,2,2,3,3,1,1,2,1,1,1,1,1,2,35,f,-999,Assistant Educational Psychologist,Greyed out badges,1.8333333333333333,2,1.75,3.5,Study 2
nZ7Vn9W6VN7FovBNQkturh7Dphyr-wvuUkowFaSOrknHrB2IdkTfJaGPmaildkph,CB,1,1,1,2,3,1,3,6,6,6,7,5,7,6,7,5,7,5,6,6,4,3,4,4,3,4,1,16,m,2,NA,Colored badges,6.166666666666667,6.25,5.25,1.25,Study 2
nZ7Vn9W6VN7FovBNQkturh7Dphyr-wvuUkowFaSOrknHrB2IdkTfJaGPmaildkph,CC,2,2,1,2,2,3,2,7,7,7,7,7,6,6,7,4,6,4,7,4,4,2,-999,2,-999,-999,2,16,m,2,NA,Control Condition,6.833333333333333,5.75,4.75,1.75,Study 2
PjwLhS-Tucy1t61NBcIR_l2CW4Um6QiHkDpC2M9m32SgPEXctfJPmpqDCdn1W0OV,GB,3,4,2,3,3,1,3,5,4,5,4,2,5,4,3,4,3,3,1,1,2,1,1,1,2,1,1,16,f,-999,NA,Greyed out badges,4.166666666666667,3.5,1.75,3,Study 2
PjwLhS-Tucy1t61NBcIR_l2CW4Um6QiHkDpC2M9m32SgPEXctfJPmpqDCdn1W0OV,CC,4,1,3,3,2,2,3,6,5,5,5,5,6,5,6,4,5,5,5,5,6,-999,-999,-999,-999,-999,2,16,f,-999,NA,Control Condition,5.333333333333333,5,5.25,2.75,Study 2
yoleXk_z5CFIIRqaREvdWwhlwo0D3uvK3WXzv0tD-3ve0Wzrw3H9gFlf_giWGe7J,CB,2,2,2,3,2,3,3,6,6,6,6,6,6,6,6,6,6,6,6,6,6,3,4,4,4,4,1,35,f,-999,Psychotherapist,Colored badges,6,6,6,2.25,Study 2
yoleXk_z5CFIIRqaREvdWwhlwo0D3uvK3WXzv0tD-3ve0Wzrw3H9gFlf_giWGe7J,GB,3,2,3,3,3,2,2,5,5,5,5,4,5,6,6,5,4,5,4,5,5,1,1,1,1,1,2,35,f,-999,Psychotherapist,Greyed out badges,4.833333333333333,5.25,4.75,2.75,Study 2
gOvxgBe_I3XtHOIDU85KfcFXOjSEKHelULRzMw8CxdNKIKWj2HKI7jA1oUsb8jiU,CC,1,3,2,2,2,2,2,7,7,7,7,7,7,4,7,6,6,6,6,7,4,2,4,4,3,2,1,16,f,5,NA,Control Condition,7,5.75,5.75,2,Study 2
gOvxgBe_I3XtHOIDU85KfcFXOjSEKHelULRzMw8CxdNKIKWj2HKI7jA1oUsb8jiU,GB,3,2,3,3,2,2,2,7,6,6,6,5,6,4,5,5,4,5,5,6,4,2,1,1,2,1,2,16,f,5,NA,Greyed out badges,6,4.5,5,2.75,Study 2
UaLHUt3jkV734WgdKEJd8pz6TvL7Qee0tgSUF7tc09ONoXZkMxndD_zsZkjhEfNA,GB,2,1,3,1,3,1,3,6,5,5,4,5,4,6,4,5,4,6,2,5,4,-999,1,1,2,1,1,16,f,-999,undergraduate researcher,Greyed out badges,4.833333333333333,4.75,4.25,1.75,Study 2
UaLHUt3jkV734WgdKEJd8pz6TvL7Qee0tgSUF7tc09ONoXZkMxndD_zsZkjhEfNA,CC,1,4,2,2,3,2,3,5,6,7,7,6,7,6,5,6,5,7,6,6,5,4,-999,-999,3,-999,2,16,f,-999,undergraduate researcher,Control Condition,6.333333333333333,5.5,6,2.25,Study 2
-q1HJ4cjGLRtbosOZ5pSYg4jppgiXrhix_V1iHWxvxcIWEy3r9oWTeQ4ZQ_HUzf3,CB,2,1,1,2,3,1,3,5,5,5,5,4,5,5,5,5,4,4,6,5,6,2,4,4,4,4,1,16,m,1,NA,Colored badges,4.833333333333333,4.75,5.25,1.5,Study 2
-q1HJ4cjGLRtbosOZ5pSYg4jppgiXrhix_V1iHWxvxcIWEy3r9oWTeQ4ZQ_HUzf3,GB,2,2,1,2,2,2,3,5,4,4,4,4,5,5,5,6,5,4,4,4,5,1,1,1,1,1,2,16,m,1,NA,Greyed out badges,4.333333333333333,5.25,4.25,1.75,Study 2
CScN47sNt90qvZpwv-u94kIhhatp0CGgCsC3l81EgNa-9z0l-reFvNIDPQRoZrYk,GB,2,2,3,2,4,1,4,6,5,6,6,6,5,6,6,6,6,6,6,6,5,2,1,1,1,1,1,16,f,-999,"Journalist, news compiler and reader on radio.",Greyed out badges,5.666666666666667,6,5.75,2.25,Study 2
CScN47sNt90qvZpwv-u94kIhhatp0CGgCsC3l81EgNa-9z0l-reFvNIDPQRoZrYk,CC,2,2,3,3,2,3,3,7,6,7,6,6,7,6,6,6,6,6,6,6,6,2,-999,-999,-999,-999,2,16,f,-999,"Journalist, news compiler and reader on radio.",Control Condition,6.5,6,6,2.5,Study 2
rq8vWBaSc3f-Bb6hA0Tw6BuaJBh4sb1UAYuy1u5H__P7xBk_bwb4IWlwjsGzrRoq,GB,3,3,3,3,3,3,2,4,4,4,4,4,4,4,4,4,4,4,4,4,4,1,1,1,1,1,1,35,f,-999,NA,Greyed out badges,4,4,4,3,Study 2
rq8vWBaSc3f-Bb6hA0Tw6BuaJBh4sb1UAYuy1u5H__P7xBk_bwb4IWlwjsGzrRoq,CB,2,2,2,2,3,3,3,6,5,5,6,5,6,6,6,6,6,5,5,6,6,4,4,4,4,4,2,35,f,-999,NA,Colored badges,5.5,6,5.5,2,Study 2
YQ4ASfUUcjUcz69QYiCzCF_dCmH7AmIzfeAQaMnXY99DzcIoQzfCPR9BBB98FArp,GB,3,4,2,4,2,4,2,2,2,3,2,2,2,2,3,2,2,2,2,2,2,1,1,1,1,1,1,16,f,-999,student B.A. social work,Greyed out badges,2.1666666666666665,2.25,2,3.25,Study 2
YQ4ASfUUcjUcz69QYiCzCF_dCmH7AmIzfeAQaMnXY99DzcIoQzfCPR9BBB98FArp,CB,1,4,3,3,3,3,3,7,7,7,7,7,7,7,7,7,7,7,7,7,7,4,4,4,4,4,2,16,f,-999,student B.A. social work,Colored badges,7,7,7,2.75,Study 2
Pc6ozNaaLAd3cRxVHDcNPwnC-thQ0E4A9tzEOYTH_hYrg2OZTjKAfRN35Q2AjxRO,CB,1,1,1,1,3,1,3,7,7,7,7,7,7,7,7,7,7,6,6,7,7,4,4,4,4,4,1,16,f,1,NA,Colored badges,7,7,6.5,1,Study 2
Pc6ozNaaLAd3cRxVHDcNPwnC-thQ0E4A9tzEOYTH_hYrg2OZTjKAfRN35Q2AjxRO,GB,3,2,2,2,2,3,2,4,5,5,4,4,3,4,3,4,3,4,3,3,3,1,1,1,1,1,2,16,f,1,NA,Greyed out badges,4.166666666666667,3.5,3.25,2.25,Study 2
uqCJq5lK40m0Hr6PjMRYVvMZ0ySDH--OFRpe13EhjJRQfR6UUj0p6nA5xQaktVA1,CC,3,2,2,2,3,2,2,4,4,3,3,3,3,4,3,4,3,3,3,3,4,-999,-999,-999,-999,-999,1,16,f,1,NA,Control Condition,3.3333333333333335,3.5,3.25,2.25,Study 2
uqCJq5lK40m0Hr6PjMRYVvMZ0ySDH--OFRpe13EhjJRQfR6UUj0p6nA5xQaktVA1,GB,2,2,2,2,2,2,3,4,5,5,5,3,5,4,5,4,4,4,5,4,4,2,1,1,-999,1,2,16,f,1,NA,Greyed out badges,4.5,4.25,4.25,2,Study 2
mGsFQdYZmykDNSHoA2o3RCqpul2zQh4rkPuk_IvIEoTXEhta-w00I_SVnn7p3dUs,CC,2,3,3,3,2,2,2,4,5,5,5,5,5,6,5,5,4,5,5,5,5,2,1,3,2,2,1,16,m,1,NA,Control Condition,4.833333333333333,5,5,2.75,Study 2
mGsFQdYZmykDNSHoA2o3RCqpul2zQh4rkPuk_IvIEoTXEhta-w00I_SVnn7p3dUs,CB,3,3,3,2,3,2,3,4,5,3,4,3,4,5,3,4,4,4,4,3,3,4,3,2,3,2,2,16,m,1,NA,Colored badges,3.8333333333333335,4,3.5,2.75,Study 2
hBHyhuZ4NnrWWrGmXxWCpgUj-VghZvuAYj981mYVKd2RBKHPw9-ltNzg-ufEmlO0,CB,1,1,1,2,1,1,4,7,6,7,7,7,7,7,7,7,6,7,7,7,6,4,4,4,4,4,1,16,m,1,NA,Colored badges,6.833333333333333,6.75,6.75,1.25,Study 2
hBHyhuZ4NnrWWrGmXxWCpgUj-VghZvuAYj981mYVKd2RBKHPw9-ltNzg-ufEmlO0,GB,2,2,2,2,3,2,3,6,6,6,6,6,6,5,6,6,6,5,6,6,6,2,2,2,2,2,2,16,m,1,NA,Greyed out badges,6,5.75,5.75,2,Study 2
-HfIWPO6t0-IB1jm6FBZ0DHWkJvckTbhrrz7F5hofsLbbS5oNrF2jD872rDwswT0,CB,1,2,2,3,3,2,3,6,5,6,5,5,5,6,5,4,4,4,4,6,5,4,4,4,3,4,1,16,f,1,NA,Colored badges,5.333333333333333,4.75,4.75,2,Study 2
-HfIWPO6t0-IB1jm6FBZ0DHWkJvckTbhrrz7F5hofsLbbS5oNrF2jD872rDwswT0,GB,3,3,3,3,3,2,2,3,4,5,3,4,3,4,4,4,4,4,4,3,4,2,1,1,1,1,2,16,f,1,NA,Greyed out badges,3.6666666666666665,4,3.75,3,Study 2
ZZSARZfGMXqwLGPoFj94e1CiCG61hczXUE5gQN6IipN1vZPviHrJrLGhyVhoTwTN,CC,3,3,4,4,2,3,3,5,5,5,4,5,3,5,5,4,5,5,4,5,4,4,4,3,4,3,1,16,m,1,NA,Control Condition,4.5,4.75,4.5,3.5,Study 2
ZZSARZfGMXqwLGPoFj94e1CiCG61hczXUE5gQN6IipN1vZPviHrJrLGhyVhoTwTN,GB,3,2,3,2,3,2,3,5,5,4,5,5,4,5,5,5,5,5,5,4,4,4,4,4,4,4,2,16,m,1,NA,Greyed out badges,4.666666666666667,5,4.5,2.5,Study 2
FU1FV1ajDQUw3tAAfTLj6Vsa5CfDcsDfNwa5kC-pZUuwUF7ssX8LvZbyT60EkZdk,GB,3,4,3,3,2,2,2,4,4,4,3,2,3,4,4,4,4,4,4,4,4,1,1,1,1,1,1,16,f,5,NA,Greyed out badges,3.3333333333333335,4,4,3.25,Study 2
FU1FV1ajDQUw3tAAfTLj6Vsa5CfDcsDfNwa5kC-pZUuwUF7ssX8LvZbyT60EkZdk,CC,4,4,3,4,1,2,2,4,4,4,2,3,3,2,3,4,4,4,4,2,3,1,1,1,1,1,2,16,f,5,NA,Control Condition,3.3333333333333335,3.25,3.25,3.75,Study 2
T-d46ZQ5RoCl2SvDcKuWaGPMc66yLJEGKjstDUrYc2BUefe1Q2-TTsEZXQ_c3vqD,CC,1,2,2,2,4,1,4,6,7,6,7,6,7,7,6,7,6,7,7,6,7,4,3,3,3,-999,1,50,f,-999,Employee,Control Condition,6.5,6.5,6.75,1.75,Study 2
T-d46ZQ5RoCl2SvDcKuWaGPMc66yLJEGKjstDUrYc2BUefe1Q2-TTsEZXQ_c3vqD,CB,2,2,2,2,3,3,3,7,7,7,7,7,7,6,6,6,7,6,7,7,5,4,4,4,4,4,2,50,f,-999,Employee,Colored badges,7,6.25,6.25,2,Study 2
b4H1sgJHjvO3WG-QtvSG9hL_lW_HAsCv5KdIay88zncS6Dx_2QZqbpGc6B3rv6j1,GB,2,2,1,3,2,2,2,3,4,5,3,3,3,5,5,4,4,4,4,3,3,1,1,1,2,1,1,16,m,1,NA,Greyed out badges,3.5,4.5,3.5,2,Study 2
b4H1sgJHjvO3WG-QtvSG9hL_lW_HAsCv5KdIay88zncS6Dx_2QZqbpGc6B3rv6j1,CC,3,3,1,3,2,2,3,4,5,5,3,6,5,5,6,4,6,4,5,5,5,3,-999,-999,1,-999,2,16,m,1,NA,Control Condition,4.666666666666667,5.25,4.75,2.5,Study 2
Gd3ka1rQpszplIZfUvABsaTvJd1boNzuGJ56cA0hWp6Oxjz4dYvUo3cOqouXd9tq,GB,3,2,2,2,2,3,2,3,4,5,4,5,4,5,5,5,4,4,3,4,4,1,1,3,2,2,1,16,f,-999,Social worker,Greyed out badges,4.166666666666667,4.75,3.75,2.25,Study 2
Gd3ka1rQpszplIZfUvABsaTvJd1boNzuGJ56cA0hWp6Oxjz4dYvUo3cOqouXd9tq,CB,3,3,2,2,2,2,3,5,5,5,4,4,5,5,4,4,4,4,5,5,4,4,4,4,4,4,2,16,f,-999,Social worker,Colored badges,4.666666666666667,4.25,4.5,2.5,Study 2
