session,created,modified,ended,expired,treat,treat1,treat2,first_topic,abs1_tsm_1,abs1_tsm_2,abs1_tsm_3,abs1_tsm_4,abs1_tsc_1,abs1_tsc_2,abs1_tsc_3,abs1_tru_exp_1,abs1_tru_exp_2,abs1_tru_exp_3,abs1_tru_exp_4,abs1_tru_exp_5,abs1_tru_exp_6,abs1_tru_int_1,abs1_tru_int_2,abs1_tru_int_3,abs1_tru_int_4,abs1_tru_ben_1,abs1_tru_ben_2,abs1_tru_ben_3,abs1_tru_ben_4,abs1_tch_1,abs1_tch_2,abs1_tch_3,abs1_tch_4,abs1_tch_5,abs2_tsm_1,abs2_tsm_2,abs2_tsm_3,abs2_tsm_4,abs2_tsc_1,abs2_tsc_2,abs2_tsc_3,abs2_tru_exp_1,abs2_tru_exp_2,abs2_tru_exp_3,abs2_tru_exp_4,abs2_tru_exp_5,abs2_tru_exp_6,abs2_tru_int_1,abs2_tru_int_2,abs2_tru_int_3,abs2_tru_int_4,abs2_tru_ben_1,abs2_tru_ben_2,abs2_tru_ben_3,abs2_tru_ben_4,abs2_tch_1,abs2_tch_2,abs2_tch_3,abs2_tch_4,abs2_tch_5,tsm_1,tsm_2,tsm_3,country,country_oth
nCbPjTpA4XHdTbsIphTCy-RhyW9YtKUz6ExD32vBjsBh2UM4IbUxnFe8raXrpDET,2020-12-17 14:21:06,2020-12-17 14:22:18,2020-12-17 14:22:18,NA,cc,cc,gb,moral,3,3,3,2,2,2,2,5,4,5,2,3,3,3,3,2,5,4,3,4,3,3,3,4,2,3,3,3,2,3,2,2,2,3,4,4,3,4,3,3,4,2,5,4,5,5,4,3,2,3,3,3,2,3,3,2,NA
mgkVKuOHRuM0YNgtpIPzVo_cDoRFmeSBdKbqBB08Qp8Mcl5tsSgm0yEpccifwGGc,2020-12-18 08:54:48,2020-12-18 09:06:18,2020-12-18 09:06:18,NA,gb,gb,cc,robot,2,2,2,1,3,1,3,2,2,2,3,4,3,5,2,3,2,3,3,3,5,2,1,1,2,1,1,2,2,3,4,2,4,2,2,2,2,2,2,2,1,2,1,1,1,1,3,3,-999,-999,3,-999,4,4,3,1,NA
1Cc68iVpc54gyTwf03G9fJQ2bJbM_rNFmEr_BgIH7XLXkGsLPMrwKyMCEObHjnQv,2020-12-18 08:57:11,2020-12-18 09:09:45,2020-12-18 09:09:45,NA,cc,cc,cb,moral,3,3,2,2,3,3,2,3,1,2,2,3,3,4,2,4,4,5,6,3,3,3,4,-999,2,4,2,4,2,4,2,3,2,2,3,2,2,2,1,4,4,4,4,2,4,3,3,4,4,4,3,4,4,4,3,1,NA
01RcfkcLwzr_2gdZvdeV0FR4XTlP6YtUEiPSQL04b8aG-X3upURvReFcTextNc-S,2020-12-18 09:00:14,2020-12-18 09:08:48,2020-12-18 09:08:48,NA,gb,gb,cc,robot,4,4,3,4,1,3,2,3,3,3,3,3,3,4,4,4,3,6,3,6,4,1,1,1,1,1,4,4,4,4,1,1,1,6,6,5,6,6,6,4,4,6,5,4,4,7,5,1,1,1,2,1,3,4,4,1,NA
55XpxNBwrvmkIuaMpBJIkPpikVEmNl3kQXdNfDZevemfmy4rSmzS9Eq3idbc-SJa,2020-12-18 09:00:58,2020-12-18 09:09:49,2020-12-18 09:09:49,NA,cb,cb,gb,robot,1,2,2,4,2,3,2,2,1,1,1,1,1,1,1,2,7,2,2,2,2,4,4,1,3,4,4,4,4,4,2,2,4,1,1,1,1,1,1,1,1,1,1,1,1,1,1,4,1,1,1,1,4,4,1,1,NA
hGng6VFFNf83UupWzgA2VcZPntwKz91bz-pSilegU5FFtRpAwePAqv30eYLpGyUo,2020-12-18 09:01:50,2020-12-18 09:06:42,2020-12-18 09:06:42,NA,cb,cb,gb,moral,2,3,3,2,2,2,2,4,6,4,6,4,4,4,6,4,6,6,2,4,4,2,3,2,2,3,3,2,2,2,3,2,3,6,6,6,6,6,6,6,6,6,2,4,4,6,4,3,2,2,3,3,4,2,2,3,NA
YuligZuEei8gw_3qKybUn-t-WZall4rECtEuCtZWXrwR83gWb-EUE8C9-1QrumYG,2020-12-18 09:02:03,2020-12-18 09:05:33,2020-12-18 09:05:33,NA,cc,cc,cb,moral,1,1,1,1,1,1,1,4,4,4,4,4,4,4,4,4,4,4,4,4,4,-999,-999,-999,-999,-999,1,1,1,1,1,1,1,4,4,4,4,4,4,4,4,4,4,4,4,4,4,-999,-999,-999,-999,-999,2,2,2,1,NA
WJOVNzIkyT_kZ7H05pUzQRYQaTmMzzhGpkT7Km6C1R8ZvzU7dBDftlB_avTTCrqj,2020-12-18 09:03:54,2020-12-18 09:30:41,2020-12-18 09:30:42,NA,gb,gb,cc,robot,4,4,3,4,2,2,2,2,6,6,6,6,6,6,3,6,6,3,3,6,6,1,1,1,1,1,4,4,4,4,3,2,3,6,6,6,6,6,6,6,6,6,6,6,6,6,6,-999,-999,-999,-999,-999,4,4,4,1,NA
kuRIsouQyG1alleFeiIM94GhXFUuPZqBT5SJwu0zavbVNNmNqyqAEBSEwUv62FoC,2020-12-18 09:04:20,2020-12-18 09:18:20,2020-12-18 09:18:20,NA,cc,cc,gb,robot,3,3,3,3,2,2,2,3,3,3,3,3,3,3,3,3,3,4,4,3,3,3,3,-999,3,3,3,4,3,4,3,2,3,2,2,2,2,2,2,2,2,2,2,2,2,2,2,3,3,4,3,3,4,4,3,1,NA
__PInpDB0LD_MiNj22CyH_IOyIRKdJzsYrBno_H0VByYDdzLu7K-JADECWmVJW0y,2020-12-18 09:06:05,2020-12-18 09:14:39,2020-12-18 09:14:39,NA,gb,gb,cb,robot,3,3,2,3,3,2,3,4,3,3,4,4,4,3,3,3,3,3,4,3,3,-999,3,-999,3,3,2,3,2,3,3,2,3,4,4,4,4,4,4,4,3,4,3,4,4,4,3,-999,-999,-999,-999,-999,3,4,2,1,NA
JfRkEGfW1Q696TzoiRRTd83BDgGBjyG3Qs3iOryI8oOyy2fsNBoTlvBYVnVxRCAu,2020-12-18 09:06:07,2020-12-18 15:17:00,2020-12-18 15:17:00,NA,cc,cc,gb,robot,1,4,1,3,3,1,4,1,1,1,1,1,1,1,1,1,1,1,1,1,1,4,4,4,4,4,1,2,1,2,3,3,3,3,1,1,1,1,1,1,3,3,1,1,1,3,3,4,1,1,1,1,4,4,4,3,NA
jmXqGDrzzrDuxR2WWaEOXhQCDrMrl8Bss3QmfzJt-KF1iSuEjCavV_qNPvoNG6zT,2020-12-18 09:07:51,2020-12-18 09:21:38,2020-12-18 09:21:38,NA,cb,cb,gb,robot,1,4,2,4,4,1,4,1,2,2,2,2,1,2,2,2,2,2,2,2,2,3,4,4,-999,-999,2,2,1,3,3,2,3,2,2,3,2,2,3,3,2,3,3,2,2,3,3,2,-999,-999,-999,-999,4,3,3,1,NA
NRQ0_wBBey7vaCUtl6jezbE_WHE43itbk1X6Dx5z-dgd2RZ3pnk8iJt5BQS9Cqos,2020-12-18 09:09:45,2020-12-18 14:44:00,2020-12-18 14:44:00,NA,cc,cc,gb,robot,3,3,3,3,3,2,3,1,1,1,1,1,1,1,1,1,1,1,1,1,1,4,4,4,4,4,3,3,3,3,3,2,3,1,1,1,1,1,1,1,1,1,1,1,1,1,1,3,1,1,1,2,2,3,2,1,NA
blAMCc3iG-VK9Se0EVwFET-bQltKw41TosKPKcIPFrgpIwi0nc1Y975FR7zuWCrP,2020-12-18 09:32:54,2020-12-18 09:35:53,2020-12-18 09:35:53,NA,gb,gb,cc,robot,2,2,2,2,2,2,2,3,1,2,2,2,2,3,3,3,3,3,3,2,3,3,-999,-999,3,3,3,2,3,3,3,4,4,4,2,3,3,3,3,4,3,3,4,3,4,4,5,2,4,4,4,3,2,2,3,1,NA
bpeDCJ0qmwNMTZIJY1hfz4OxJ3J7EVj0JOBQvusuM_TL0X7Sd8usZYRUtqW3-o-o,2020-12-18 09:45:11,2020-12-18 10:00:26,2020-12-18 10:00:26,NA,gb,gb,cb,moral,2,2,3,3,3,3,2,5,4,5,5,5,5,3,3,4,5,3,5,4,4,3,3,-999,3,-999,3,2,2,3,3,2,3,3,3,3,3,3,3,3,4,3,4,4,4,3,4,-999,4,3,3,3,3,4,3,1,NA
1XmVFSbwHE2n4_vORK8YqkTySq0wUdFSRgyBImjS_00UoYq0m1PdNaPlEreQc94z,2020-12-18 09:46:15,2020-12-18 09:52:07,2020-12-18 09:52:07,NA,gb,gb,cb,robot,3,2,2,3,2,3,3,3,3,3,3,4,2,4,4,4,3,4,4,2,3,3,3,4,3,3,2,2,2,2,3,3,3,3,3,3,3,3,3,4,4,4,3,4,4,4,4,3,3,3,3,3,4,3,2,1,NA
kH0DnySk4M_GBv3zaHi2WVuw1CsgBZXBVLvxdfp-OdxIYLLzW_zjmADXrGxqa3ro,2020-12-18 10:01:09,2020-12-18 10:18:13,2020-12-18 10:18:13,NA,gb,gb,cc,robot,3,3,3,3,2,3,2,4,4,4,4,4,4,4,4,4,4,5,4,4,4,1,1,1,1,1,2,3,3,3,2,2,2,3,4,4,4,3,3,4,3,4,4,4,4,4,4,3,2,2,2,2,3,4,3,1,NA
H3d7WB_dmNVFGcvJbEDJ9md2-MFaFsNsi5Wh1KP9y5v0AoKlP0dUQ1_OYz7CScNU,2020-12-18 10:17:51,2020-12-18 10:24:57,2020-12-18 10:24:58,NA,gb,gb,cc,robot,2,3,3,3,3,2,3,3,3,3,2,3,3,3,3,3,3,2,3,3,2,1,-999,1,1,1,2,3,3,3,3,2,3,3,3,3,3,3,3,3,3,3,3,3,3,3,3,-999,-999,-999,-999,-999,4,4,2,1,NA
fYG3EL6ixDvPKy75k9Jzm9YiFGhyD9KPkXLhcybBdynNnY-ZX0sMZkf8K-Yo0PCJ,2020-12-18 10:20:34,2020-12-18 10:27:41,2020-12-18 10:27:41,NA,cc,cc,gb,robot,2,4,2,4,3,1,4,1,1,2,1,2,2,1,1,2,1,2,1,2,2,4,4,3,4,-999,3,4,3,3,3,1,3,2,2,2,1,3,2,2,3,3,2,3,2,2,3,4,4,-999,4,4,2,3,1,1,NA
iwHZZ2me3qU3hXEdJsUDeUwQA0GQCBu9ofTK03RKqvyXSPYlEkfi95UHmrA_Y_0z,2020-12-18 10:32:54,2020-12-18 10:41:13,2020-12-18 10:41:13,NA,gb,gb,cb,moral,4,4,2,4,1,4,1,7,4,3,6,4,3,4,6,6,7,6,7,7,3,2,2,2,1,2,2,2,2,2,2,3,2,6,6,4,5,3,5,2,4,2,2,3,4,3,3,3,4,4,3,4,1,4,1,1,NA
Fprw2q3bL5VR3yamA0f42uZbjFf6tTyf9VkVP2coBvXh94G6jb3PzrIxnsZHRemr,2020-12-18 10:55:11,2020-12-18 10:57:35,2020-12-18 10:57:35,NA,cc,cc,cb,robot,2,2,2,2,3,2,3,1,1,1,2,2,1,2,2,2,2,2,2,1,1,3,3,3,3,3,2,2,2,2,3,2,3,1,2,1,2,1,1,2,1,2,2,2,2,1,2,3,3,3,3,3,3,4,3,1,NA
VVSMVY3V5qVfSAdr_QeGDQXYBUddPkY2ebznxNvcSdQeouJyEvrJDRsPo5MTIOWR,2020-12-18 11:05:28,2020-12-18 11:12:49,2020-12-18 11:12:50,NA,gb,gb,cb,moral,2,4,4,3,2,3,2,1,1,1,1,1,1,1,1,2,2,1,1,1,1,2,1,1,2,3,1,2,3,2,3,1,4,1,1,1,1,1,1,1,1,1,1,1,1,1,1,4,4,4,4,4,4,4,3,1,NA
u5zfpBrg15BKWNhMJF-rfZzLLrU1HmDPWL9YpRMSO7y6ChwUvwkWZfeuFFxsjbCQ,2020-12-18 11:09:12,2020-12-18 11:14:26,2020-12-18 11:14:27,NA,gb,gb,cc,robot,4,4,4,4,4,1,4,7,7,7,7,7,7,7,7,7,7,7,7,7,7,2,1,1,1,2,3,3,3,3,3,1,1,7,7,7,7,6,6,7,7,7,7,7,6,6,6,3,2,1,2,3,2,2,2,1,NA
2UuezPSEhxjqZcDixmuAE0GD1pUkdWSjiai_EnPIfnjbHhcqHItHXq_BLUYoBD-b,2020-12-18 11:25:00,2020-12-18 11:36:57,2020-12-18 11:36:57,NA,cc,cc,gb,robot,3,3,2,3,3,3,3,2,2,2,2,4,4,2,2,2,2,2,2,4,2,-999,-999,-999,3,-999,2,3,2,3,3,2,3,2,2,2,2,2,2,2,2,2,2,2,2,2,3,-999,-999,-999,-999,-999,2,3,2,1,NA
DjcM7CwqH9s7o7aoKQAn7LKtFaclMB_ey3Pc2609ph-VYi3BNO0DhhS_6gyPKoWo,2020-12-18 11:29:58,2020-12-18 11:37:15,2020-12-18 11:37:15,NA,cb,cb,cc,robot,3,3,1,3,2,2,3,3,2,3,3,3,3,3,2,2,2,3,3,3,2,-999,-999,-999,3,-999,2,3,2,3,3,2,3,3,2,2,2,2,3,2,2,2,2,2,2,2,2,-999,-999,-999,3,-999,2,3,2,1,NA
b-x6XdomJ7yZY25aGqsq3ViXS4W4DMcVBlO9VddUC_pQP8ymMW4DW_hXx285iNaP,2020-12-18 11:46:56,2020-12-18 11:53:22,2020-12-18 11:53:22,NA,cc,cc,gb,robot,3,2,3,2,2,2,2,2,2,2,1,2,2,2,2,2,2,2,2,3,2,-999,2,2,3,2,2,2,2,3,3,2,3,2,2,2,2,2,2,2,2,3,2,2,2,1,2,3,3,3,2,3,3,2,3,4,NA
8vf9vbz5BMLUEGo656TSO7VKU8l5UOSeC8kE2koeoupWHkQ9RsvRGYgskUCnhsur,2020-12-18 11:52:44,2020-12-18 11:59:25,2020-12-18 11:59:25,NA,cb,cb,cc,moral,3,3,4,3,2,2,2,2,1,1,1,1,1,1,1,2,3,3,2,3,3,4,4,4,4,4,1,4,2,4,3,3,3,1,1,1,1,1,1,1,1,2,1,1,1,1,4,1,1,1,1,1,4,4,2,1,NA
6Au2u1_kfGnMnfvK7f5aiKx1ZYMH1QHM--s3kT1lYODvsnM6KueF4DQvSDA7dsPO,2020-12-18 12:09:56,2020-12-18 12:20:42,2020-12-18 12:20:43,NA,cc,cc,cb,moral,2,1,2,1,2,3,3,1,1,1,1,1,2,2,2,2,2,1,3,2,2,3,3,-999,4,3,2,2,2,3,2,2,3,3,1,2,2,2,2,3,3,2,2,3,3,2,3,2,4,4,2,4,3,3,3,1,NA
ATICLi0955pY-2YktMwsVe5HzjuV3tJGyyoStS3JMxCGS6S7jLlx2co0-_LIV_ib,2020-12-18 12:10:42,2020-12-18 12:13:18,2020-12-18 12:13:18,NA,cb,cb,cc,moral,2,2,2,2,2,2,2,4,4,4,4,4,4,4,4,4,4,4,4,4,4,2,2,2,2,2,2,2,2,2,2,2,2,4,4,4,4,4,4,4,4,4,4,4,4,4,4,2,2,2,2,2,3,3,3,1,NA
NzTdFXAWL7s0dHZvH80yWNW1QsrUwMPNlERqO_h2U3f_spFDoj3St70uivKulE1G,2020-12-18 12:42:32,2020-12-18 12:59:28,2020-12-18 12:59:28,NA,cb,cb,cc,moral,1,2,1,3,4,1,4,3,2,3,2,3,4,2,2,2,2,1,1,2,2,-999,3,3,-999,3,2,2,3,4,2,3,3,6,2,3,3,4,4,3,2,7,6,5,7,6,2,-999,-999,-999,-999,-999,2,4,3,1,NA
quAMO71YWNI0fatf5-RxyrUisvi_i_HHjmlpedVnWkgAB9G9INKLvXSIfewSADeb,2020-12-18 15:12:40,2020-12-18 15:14:10,2020-12-18 15:14:10,NA,cb,cb,gb,moral,3,1,2,1,4,2,3,3,2,4,5,4,4,2,2,2,5,2,3,1,3,4,3,3,4,4,3,2,3,4,3,2,4,3,4,2,3,4,4,3,4,1,2,3,2,4,2,3,2,3,2,4,4,4,4,1,NA
TqlBSf9jLsCavvTnsN1_XhGx3z_eLNCBJm1P_R2pHiVPvePpqTrSvYzfkXYOu2fm,2020-12-18 15:23:19,2020-12-18 15:34:22,2020-12-18 15:34:22,NA,cc,cc,cb,moral,3,4,4,3,3,2,3,1,1,1,2,1,1,1,4,4,4,4,3,3,3,1,1,-999,1,-999,1,2,2,2,2,3,2,2,2,2,2,4,4,3,2,3,2,2,2,3,4,4,4,4,4,4,4,4,4,1,NA
WY-rzeTzOLhhJfCLnNKfixXXU8MZ9wEYgOVQmILmKAiJkg779nsm6YDkcJVSu3iF,2020-12-18 15:34:51,2020-12-18 15:39:26,2020-12-18 15:39:26,NA,cb,cb,gb,moral,2,4,3,3,3,3,3,1,2,2,1,1,2,4,6,3,2,3,3,3,3,4,4,4,3,4,2,2,3,2,2,2,2,4,4,5,5,4,3,5,5,5,5,4,5,4,5,2,2,1,1,1,2,1,2,1,NA
YpEl1VFtU5m2zi6knp-BxUyDkIvyD_d9fpoHG-b2E98wswij6ix8o6O4E0_P8e5y,2020-12-18 15:41:33,2020-12-18 15:43:45,2020-12-18 15:43:46,NA,cb,cb,cc,moral,2,2,3,3,3,2,3,5,3,4,5,4,5,3,5,5,5,4,4,4,5,-999,-999,-999,-999,-999,2,2,2,2,2,2,2,1,1,1,1,2,1,1,1,1,1,1,1,1,1,-999,-999,-999,-999,-999,2,2,3,1,NA
Nr_m6c9Mlso_U77i9PD7er86KBnlm1yOhsAHfZJTPHn_c9BP_7axAPQ4rq_uahDj,2020-12-18 17:04:52,2020-12-18 17:11:24,2020-12-18 17:11:24,NA,cc,cc,gb,robot,2,3,2,3,3,3,3,3,3,3,4,4,3,4,5,4,4,5,4,4,3,2,-999,-999,2,-999,2,3,2,3,3,3,2,2,2,2,2,2,3,4,4,4,4,4,4,3,3,3,3,3,-999,-999,3,3,3,2,NA
uDKkFV8gt6LA2ndmQW3m857CfI5MX4dfBmSyiKPnLAfxQxOXXc_snG6Hove7Krzi,2020-12-18 17:42:14,2020-12-18 17:49:25,2020-12-18 17:49:25,NA,cb,cb,cc,moral,2,3,3,3,2,3,2,1,1,1,1,1,4,1,4,3,3,3,2,2,1,3,-999,4,2,-999,3,3,3,2,2,2,3,1,1,1,1,2,1,2,1,1,2,3,1,2,3,3,3,4,2,3,4,4,3,1,NA
VuV44g43hYEEDNZHJx9035K70_MKte7Z3sPi9sGXd-yv9FLey2wuDHUqL0Dmes2D,2020-12-18 17:43:42,2020-12-18 17:46:58,2020-12-18 17:46:58,NA,cc,cc,cb,moral,3,2,3,2,3,2,3,2,3,2,4,2,2,2,3,3,3,4,4,2,2,3,3,3,3,3,2,2,3,3,2,3,2,2,2,2,2,2,2,2,2,2,4,2,3,2,3,4,4,4,4,4,4,3,4,1,NA
cpuMXLzBX3gJLSPRiHxa78FPhzq5FeTSromp2w0OqfUITqNcb3NwzApw05zIceL5,2020-12-18 17:44:48,2020-12-18 17:52:35,2020-12-18 17:52:36,NA,cc,cc,gb,moral,3,3,3,3,3,2,3,5,4,4,4,6,4,4,4,4,4,4,4,4,4,1,-999,-999,1,-999,2,2,2,2,3,2,3,3,3,4,4,4,3,3,4,4,4,4,4,4,4,2,2,1,2,2,4,4,2,1,NA
NfPn4IRXC-oC11ZA2pZFZmgnTaHR7ztans5GvqaDb2Yf1vMH4ugRmQgVSREy2F89,2020-12-18 17:45:01,2020-12-18 17:50:01,2020-12-18 17:50:01,NA,cc,cc,gb,moral,3,3,2,3,3,2,4,2,1,2,2,2,2,3,2,2,2,3,3,2,2,-999,3,3,3,-999,3,2,1,2,3,2,4,2,1,1,2,2,2,1,2,2,3,3,3,2,3,-999,3,-999,4,3,3,4,3,1,NA
Q31yK_5xMgnd1kiVpfpzQ1-4Mz8JmTxGi6ecyau9CGFid5flnRuzqI4I9wfgamSP,2020-12-18 17:46:20,2020-12-18 17:48:05,2020-12-18 17:48:06,NA,cb,cb,gb,moral,3,3,3,3,3,3,3,2,2,2,2,2,2,2,2,2,2,2,2,2,2,3,3,3,3,3,3,3,3,3,3,3,3,2,2,2,2,2,2,2,2,2,2,2,2,2,2,3,3,3,3,3,3,3,3,1,NA
hvqKJRkhCUSvHf9RBXiVLuBVuYgal35oHTAo2XUqLR3mn5ZxIPL-YXfwiTgE-One,2020-12-18 17:46:25,2020-12-18 18:00:32,2020-12-18 18:00:32,NA,cb,cb,cc,moral,1,3,2,2,2,3,3,2,2,2,2,2,2,2,2,4,2,2,2,2,2,4,4,4,4,4,1,2,1,2,3,2,3,2,2,2,1,2,2,2,2,3,2,2,2,2,2,3,-999,-999,-999,-999,4,4,4,1,NA
OGGIe9jayYwjm2PN8yArCAyaHVATht7zSjtXlUnP8aOfaliCcT9Ifk3rneR8l1QR,2020-12-18 17:47:11,2020-12-18 17:59:10,2020-12-18 17:59:10,NA,cc,cc,cb,robot,3,3,3,3,3,3,3,3,3,3,3,3,3,3,3,3,3,3,3,3,3,3,3,3,3,3,3,3,2,2,3,3,3,3,3,3,3,3,3,3,3,3,3,4,3,3,4,-999,-999,-999,-999,-999,2,3,3,1,NA
H1ZAZrGk2Gp97Ez1jqm-FrOhNsRTeRKYuQ285CqXzdppi8zCysJdEG1-RkGoQpZq,2020-12-18 17:48:32,2020-12-18 17:51:28,2020-12-18 17:51:28,NA,gb,gb,cc,moral,2,3,2,2,3,3,2,3,3,3,3,3,5,3,3,4,4,4,5,4,3,-999,-999,-999,-999,-999,3,3,2,3,3,3,3,3,3,3,3,3,4,5,3,4,4,4,3,4,3,-999,-999,-999,-999,-999,3,3,2,1,NA
VwP-q3X5NLfrc6J9aWT_vuuDZpSYgYPM5ZX2WWYw2h68dJoeVMYqY7wT05WL7403,2020-12-18 17:50:23,2020-12-18 18:13:28,2020-12-18 18:13:28,NA,cb,cb,cc,moral,4,4,3,3,3,3,3,1,1,1,1,1,1,1,1,1,1,1,1,1,1,1,1,2,2,2,3,2,4,1,3,3,3,1,1,1,1,1,1,1,1,1,1,1,1,1,1,4,4,3,4,4,4,4,4,1,NA
Xd9q3AQ5CaHxQ6_HdOuJlFFMghW9orLNq8O6OwTFxuwpkICDMCg7LAwoofKiunpH,2020-12-18 18:00:56,2020-12-18 18:13:59,2020-12-18 18:13:59,NA,cc,cc,cb,moral,2,2,1,2,3,2,3,3,3,4,3,4,4,2,2,3,2,3,2,3,2,1,-999,-999,2,2,2,3,2,2,2,3,3,3,2,2,2,3,3,3,2,3,3,3,3,3,2,4,4,4,4,3,3,4,4,1,NA
H477s3k7UCikPDQ38eMmy0RA1ljbiMyugthUdnTnHwiC8S8CIrZS02sROV-QRtF2,2020-12-18 18:02:20,2020-12-18 18:04:25,2020-12-18 18:04:25,NA,cb,cb,cc,robot,3,2,1,1,1,4,1,7,5,6,4,4,3,4,4,7,4,6,5,5,6,2,1,3,4,1,3,2,1,4,1,1,2,3,5,6,3,2,4,6,5,1,2,1,3,4,2,4,2,-999,2,3,2,1,1,1,NA
9f1WVy47sq4nyaYi85COsZKcCQKY2IT3Nd-yQn8TUgEbxhTFUGtK-X1FExo1YnkI,2020-12-18 18:02:40,2020-12-18 18:10:43,2020-12-18 18:10:44,NA,gb,gb,cc,robot,4,2,4,4,3,2,2,5,4,4,5,4,4,4,5,4,4,4,6,4,4,1,1,1,1,1,3,2,2,4,2,2,2,4,4,4,4,4,4,5,5,4,4,4,4,4,4,1,1,2,1,1,1,4,2,1,NA
gTcna1o0y6ulxSaLo6gWxd-19NoVXH88CgYM_kWsYbMrNWBGD_vZG_vUjxz5a00I,2020-12-18 18:03:17,2020-12-18 18:33:17,2020-12-18 18:33:17,NA,cc,cc,cb,robot,3,3,3,2,3,2,2,4,4,4,5,4,4,4,4,3,4,4,4,4,4,3,3,3,3,3,3,2,2,3,3,3,3,4,4,4,5,4,3,4,3,4,5,4,4,4,4,2,3,3,3,3,3,3,3,1,NA
z4nQ0A9n7_0Mfjj7eXCunysq8eXk4n8B6df_Xh3exzFWhePJWOgFMG6WayJ02Tkp,2020-12-18 18:05:28,2020-12-18 18:20:29,2020-12-18 18:20:29,NA,cb,cb,gb,moral,1,2,2,3,3,2,3,2,2,2,2,3,2,2,3,3,2,2,2,2,2,3,4,3,4,4,2,2,3,2,3,2,3,2,2,2,2,3,2,2,4,3,5,3,3,4,2,1,2,1,2,2,4,3,4,1,NA
oI6xCvzyG51Wngm0wNuqGoqFTX5suAGi1qjXOdkh2uYAzg5UU0BkLCcj14KXQDyz,2020-12-18 18:06:10,2020-12-18 18:23:31,2020-12-18 18:23:31,NA,gb,gb,cb,robot,3,4,2,3,3,1,3,1,1,1,1,2,1,1,2,2,1,3,4,1,1,4,3,-999,3,4,2,2,1,1,2,3,2,1,1,1,1,1,1,1,1,1,1,1,1,1,1,4,4,4,3,4,1,2,3,1,NA
SmishPBPIdI11fI9yhY6rY_NHbAetttyCoclcwbME49fy-JtbtllgnS1YZszfUhM,2020-12-18 18:18:48,2020-12-18 18:24:22,2020-12-18 18:24:22,NA,gb,gb,cc,robot,4,4,4,4,2,3,4,3,2,3,3,3,4,6,1,5,4,7,7,4,4,1,1,1,1,-999,4,4,4,4,3,2,2,4,3,2,3,3,3,3,2,4,3,4,4,4,3,1,1,-999,1,1,3,4,3,1,NA
lXSRvGTbJSgsAJx6xwbhYoIISbamwmu1LfdQWHiw_GpqYs6igi2HNU7573fWmOVp,2020-12-18 18:18:55,2020-12-18 18:28:14,2020-12-18 18:28:14,NA,gb,gb,cb,robot,3,4,3,4,1,3,2,6,4,4,4,5,5,4,4,4,7,4,6,4,4,1,1,1,1,1,2,3,3,3,2,3,2,3,2,2,2,2,2,3,2,2,2,2,1,2,3,4,4,4,4,4,4,3,3,1,NA
iNTz1BEFGcRf5-SZGrbTVZZorn5w5eDAwIbnoW11hn9HlJMupDCOTzyyuTBioJJx,2020-12-18 18:26:49,2020-12-18 18:44:44,2020-12-18 18:44:44,NA,cb,cb,gb,moral,1,4,4,3,3,2,3,4,3,3,3,3,3,3,4,3,3,4,4,3,4,3,4,4,4,4,2,3,1,4,2,2,2,4,3,4,4,4,4,4,4,4,4,3,4,4,4,1,1,1,2,1,4,4,2,1,NA
5Pf18pO2Og7WuN5oM-f396LTnqcQti6f5jsoYv-tnl3QaML02W0sOKx84zDcOgB-,2020-12-18 18:27:36,2020-12-18 18:31:06,2020-12-18 18:31:06,NA,gb,gb,cb,robot,4,2,2,3,2,3,2,5,5,4,5,5,5,5,5,5,5,4,4,6,5,1,1,1,1,1,1,1,2,2,3,2,3,3,3,3,3,3,3,3,4,4,3,4,4,3,4,3,3,2,3,3,4,4,3,1,NA
Numbt14bb1nHOJQ5XtqHG1ElMD6L0gtcQTrCKX5BBPQSusRWk72tecIY0JMwiZzN,2020-12-18 18:27:55,2020-12-18 18:30:19,2020-12-18 18:30:20,NA,cb,cb,cc,moral,3,3,3,3,3,3,3,3,4,3,4,3,3,3,3,4,2,3,3,3,3,3,4,3,4,3,3,3,2,3,3,2,4,4,3,3,3,3,3,4,4,3,3,4,3,4,3,3,3,3,4,3,3,3,3,1,NA
5Tge1zfhV7ciz8xv9GYP74y7-X96EBBYwmVHFWsL9UjuXq_04z27ZEUHscBKp-O5,2020-12-18 18:41:44,2020-12-18 18:50:40,2020-12-18 18:50:41,NA,gb,gb,cc,robot,1,2,3,3,3,2,3,2,2,2,2,3,2,2,1,1,1,2,2,2,2,1,1,1,1,1,2,2,2,3,2,3,2,2,2,2,2,2,2,2,2,2,2,2,2,2,2,-999,-999,-999,-999,-999,4,4,1,1,NA
-gZbzQTYzOMqGMXs1URihFGFH5Np2xW3X7UtEvp1V5-ipvTQ-IHYNbD8zkmpScWZ,2020-12-18 18:43:39,2020-12-18 18:56:14,2020-12-18 18:56:15,NA,cb,cb,cc,robot,3,4,2,4,2,1,3,3,3,2,4,4,3,1,6,4,3,2,4,4,1,4,4,4,3,3,2,4,3,3,4,1,4,2,3,1,1,2,1,1,2,2,2,3,1,2,2,-999,3,-999,3,4,3,4,4,1,NA
uqWwg0bfyCncfZTVsE-GyNogqeHzxe5CCkWrdMIkib1Ju6j3SzZYkhsWNeYUcrnU,2020-12-18 18:46:24,2020-12-18 18:53:09,2020-12-18 18:53:09,NA,cb,cb,gb,moral,3,3,4,4,4,2,4,1,1,1,1,1,1,1,2,3,4,1,2,1,1,4,4,4,4,4,1,2,4,1,4,1,4,1,1,1,1,2,1,1,1,1,1,1,1,1,1,1,2,1,1,1,4,2,1,1,NA
a5O-FD7F93zJBpoFfzW2EnfIUBaqZt-YxHxdA9ykLJdXtLS2X7yYdXvjKwTZWw2B,2020-12-18 18:50:00,2020-12-18 19:01:57,2020-12-18 19:01:58,NA,gb,gb,cc,robot,2,2,3,3,2,3,2,4,4,5,4,4,4,4,4,4,4,4,4,4,3,1,1,2,1,1,2,3,2,3,2,3,2,4,4,4,4,4,4,5,4,4,4,4,5,4,5,4,4,4,3,4,3,4,3,2,NA
kYpm3HoBKHwUlvvrgbYvoTzTWfzKJ1b9CX7RoK4R9oTnY8TVWva0bJbFhf7T3qaQ,2020-12-18 18:50:52,2020-12-18 18:57:16,2020-12-18 18:57:16,NA,cc,cc,cb,moral,2,2,2,2,3,2,3,1,1,1,1,2,2,2,2,2,2,2,2,2,2,2,-999,-999,3,2,2,2,2,3,2,2,2,2,1,1,1,1,2,2,2,2,1,2,2,1,2,2,4,4,3,4,3,4,4,1,NA
O8Y9zqrVkdwGcfvQ1EQBo_GF9jLai9LjGYREVsmDu1jFGvD_-h58Fu4QaJiHSK_Q,2020-12-18 18:53:52,2020-12-18 19:07:54,2020-12-18 19:07:54,NA,cc,cc,gb,moral,1,3,3,4,3,1,3,2,4,4,1,3,4,1,4,4,3,4,4,2,2,1,-999,-999,1,-999,3,4,1,4,3,1,2,2,4,4,2,4,4,1,2,4,4,4,4,4,2,1,1,1,1,1,4,4,4,1,NA
d2pF7kWYz8lSjvrU5qPcR5PTbD3IkmfNdfhi6GmeA0sSZwJJoxr2xReHh1q1Bysc,2020-12-18 19:04:07,2020-12-18 19:15:00,2020-12-18 19:15:00,NA,cc,cc,gb,robot,1,4,1,4,3,2,3,2,2,2,2,2,2,2,2,2,2,2,2,2,2,-999,-999,-999,-999,-999,1,4,1,4,3,2,3,2,2,2,2,2,2,2,2,2,2,2,2,2,2,1,1,1,1,1,4,4,4,1,NA
BB0HuZPOdlRaJVe4ndoLzb3JdYiWaG2OzkWXYPY3WvLzt1KsvdVvmJDpKQsR7ZPd,2020-12-18 19:17:18,2020-12-18 19:21:11,2020-12-18 19:21:11,NA,cc,cc,cb,moral,4,4,2,4,4,3,2,4,4,4,4,4,4,4,4,4,4,4,4,4,4,3,-999,-999,3,-999,3,3,3,3,2,2,2,4,4,4,4,4,4,4,4,4,4,4,4,4,4,-999,-999,-999,-999,-999,2,1,1,4,NA
YNK9UP9956WqeLwfVGPGjU3DoQTpyWrBoARI9LixWj3j15rNG3M9iIOTXywGOxs5,2020-12-18 19:17:51,2020-12-18 19:24:24,2020-12-18 19:24:24,NA,cb,cb,gb,robot,3,3,3,4,3,4,2,3,2,2,2,2,2,2,2,3,2,3,2,2,2,3,3,4,4,3,3,4,3,4,3,3,3,2,2,2,2,2,2,2,2,2,2,3,2,3,3,2,2,2,3,2,4,4,4,3,NA
2m8vYOMLBX8od6FD6MCw5qZsEiVMEw-JocP9GuoUkRtDHm-UXnss7KlRXP7y-rGq,2020-12-18 19:23:04,2020-12-18 19:32:18,2020-12-18 19:32:18,NA,gb,gb,cb,robot,3,3,3,4,3,1,3,2,2,2,2,5,3,2,2,2,2,2,2,5,2,3,-999,-999,3,-999,2,3,2,3,3,1,3,1,1,1,1,1,2,2,1,2,2,2,3,1,3,4,4,4,4,4,4,2,3,1,NA
l-KK6-0epmBrpXXe2NRaalZJyE72un0a0M_y2uU_PmdfJZ0ldfxIrGhee95n7DXH,2020-12-18 19:27:51,2020-12-18 19:35:30,2020-12-18 19:35:30,NA,cb,cb,cc,robot,2,2,2,3,2,2,2,3,3,3,2,3,2,3,3,2,3,2,2,3,3,2,3,2,2,3,2,2,2,2,3,2,3,2,2,2,2,2,2,2,3,2,2,2,2,2,2,2,3,2,2,2,2,3,2,1,NA
uic_x9xK93KqouOib6L_r98n35jlroMHb0sSN0WiFC-spQcK41-vYxDgys3Sx4yo,2020-12-18 19:28:37,2020-12-18 19:39:18,2020-12-18 19:39:18,NA,cc,cc,gb,robot,3,2,2,2,4,1,4,2,2,2,2,2,2,2,2,2,2,2,2,2,2,3,3,-999,3,3,3,2,2,2,3,1,3,2,2,2,2,2,2,3,2,3,3,3,3,2,3,1,1,1,1,1,3,4,3,3,NA
FF-wcg3mcs_q0qitlBlM3YsRz8Cj1zDotzGIigVS4m_VX2qFJHFdKMtmpMLuXSOf,2020-12-18 19:33:42,2020-12-18 19:37:49,2020-12-18 19:37:49,NA,cc,cc,gb,moral,4,3,2,3,2,3,1,3,2,4,5,3,3,6,6,4,6,4,4,4,5,3,3,4,2,3,3,3,2,4,3,3,4,2,2,3,4,2,3,2,5,3,4,2,2,3,2,3,4,3,3,4,4,3,3,2,NA
VicfIZOSvJ-4cPXWaoLPh_HPDsWX-lQ0-zW6sVCtcpmuOKET3A7fA40C_36bkzYQ,2020-12-18 19:38:40,2020-12-18 19:45:09,2020-12-18 19:45:09,NA,gb,gb,cb,moral,3,2,3,3,3,2,3,3,3,3,4,3,3,3,4,4,3,4,4,4,4,1,1,1,1,1,2,3,2,2,3,2,3,3,3,3,3,3,3,4,3,3,3,4,3,4,3,3,3,3,3,3,4,3,3,1,NA
nWTtqsFOzasndmVeqXZLe2z7qsLQybKOcJpdI9Tl-JgWRu6J4We7ztvRydhsPyLB,2020-12-18 19:44:15,2020-12-18 19:54:17,2020-12-18 19:54:18,NA,cb,cb,cc,robot,2,2,2,4,3,1,3,2,2,2,2,3,2,2,1,2,3,2,2,2,3,2,4,4,-999,4,1,2,2,2,3,2,3,2,2,2,2,2,2,2,2,2,2,2,2,2,2,-999,-999,-999,-999,-999,3,4,3,1,NA
ogwuZl7gcWhaXF4D536i_LEHeG61XeUpqitIvzEb8RVIM9nI6yDqy4f-sJZwgMFi,2020-12-18 19:52:16,2020-12-18 20:02:10,2020-12-18 20:02:11,NA,cc,cc,cb,robot,4,4,4,4,4,1,4,4,4,4,4,4,4,4,5,4,4,4,4,4,4,1,1,1,1,1,3,2,3,3,2,2,2,5,5,5,5,4,3,3,3,3,3,4,5,5,3,4,4,4,4,4,3,3,3,1,NA
BiZrNLI-NkInsnHtdRCS6ui13GBnk__6o80H-bBBVeq0iTO8bJAR2ZRb-ISWUAhs,2020-12-18 19:53:43,2020-12-18 21:01:02,2020-12-18 21:01:02,NA,cc,cc,gb,robot,3,2,2,3,2,2,2,2,3,4,2,3,2,2,3,2,3,3,2,2,3,3,4,3,3,4,3,4,2,4,2,4,1,5,5,5,3,2,5,4,4,7,4,3,2,6,4,1,1,1,2,1,4,3,4,1,NA
fGH_uw7YhCYKaIlGYGGEFA2jfy_CPOLZJzVGfQUPnS0Xv8vl19r1ljvOLyuHTIUH,2020-12-18 20:55:23,2020-12-28 09:15:09,2020-12-28 09:15:09,NA,cc,cc,cb,moral,3,2,3,2,2,3,3,2,2,2,2,2,2,2,2,3,2,3,2,2,3,3,3,3,3,3,3,2,2,2,3,3,3,2,2,1,1,1,2,2,2,2,2,2,2,1,2,4,3,4,3,4,3,3,3,1,NA
ZrWmev_37yIZgmLwh9LtrAxNqIk8oO15FShsNauksdxPULNlhTXUN-VRNQYbnVBN,2020-12-18 21:10:10,2020-12-18 21:15:31,2020-12-18 21:15:31,NA,gb,gb,cb,robot,2,2,2,2,3,2,3,2,3,2,4,2,4,3,4,4,5,4,4,3,3,3,3,-999,4,3,2,2,2,3,4,2,3,2,4,4,2,1,3,2,4,5,2,4,3,7,6,3,-999,-999,2,-999,4,2,2,1,NA
fubrmKua_lokKh-XjLS-2ZhZxYggOm76XExO32dprIxYP5KOAY_-koCxZXi7r548,2020-12-18 21:14:51,2020-12-18 21:23:19,2020-12-18 21:23:19,NA,cb,cb,cc,moral,3,3,2,3,3,2,2,4,4,3,3,3,4,4,4,4,3,3,3,4,3,3,3,3,-999,3,3,3,2,3,2,2,2,4,4,4,3,4,3,3,3,4,3,3,4,4,3,2,2,2,2,2,3,3,3,3,NA
GEwExAny62QLgJRIIPUbdKhG9DMhirUcfB5iA1utfH2sfEVMyh2ahbp0d_CzCcq9,2020-12-18 21:19:04,2020-12-18 21:26:39,2020-12-18 21:26:39,NA,cb,cb,cc,robot,2,1,3,3,3,1,3,1,1,1,1,1,1,1,1,1,1,1,1,1,1,3,4,4,4,4,2,3,2,3,3,3,3,1,1,1,1,1,1,1,1,1,1,1,1,1,1,4,4,4,4,4,3,3,1,1,NA
wBK2hFVP6jUnulrzA3J7Xp3nXu71jhwR6_GpEIBdaaNP8vhndUtwYcHmlfnjapk4,2020-12-18 21:25:04,2020-12-18 22:46:11,2020-12-18 22:46:11,NA,gb,gb,cc,moral,3,2,2,2,3,1,4,1,1,1,1,1,1,1,2,1,1,3,2,2,4,3,1,1,2,1,3,1,2,3,4,1,4,1,1,1,1,1,1,1,1,1,1,1,1,1,1,4,3,4,4,3,4,4,3,1,NA
vmatR0xLstIDOZx6Ob6UOje7xlTWcJX6Z28wRe3Rkt8jcWwE602WPIxJQTqx74yI,2020-12-18 21:51:25,2020-12-18 21:58:09,2020-12-18 21:58:09,NA,gb,gb,cb,moral,4,4,4,4,1,4,1,5,3,4,5,6,5,5,5,5,6,4,6,6,6,1,1,1,1,1,3,2,3,2,2,2,2,3,2,2,2,2,4,2,2,4,2,4,2,2,2,4,4,4,4,4,4,4,4,1,NA
PtUQm9ffeTMDC79P5-D576tXejEGSlK2M9M94u8qd7BUjcWsB1TiCcWprEmOdTCp,2020-12-18 21:58:00,2020-12-18 22:32:05,2020-12-18 22:32:05,NA,gb,gb,cc,moral,2,4,4,4,4,1,2,1,1,1,1,1,1,2,2,2,2,1,1,1,2,3,-999,1,3,-999,3,3,4,4,4,1,4,2,1,1,1,2,2,1,2,2,1,2,1,2,2,4,4,3,3,4,4,4,1,1,NA
ucsMSz9GuXG8TToKGRQNiqcBVmi9v6vRIq_FzPFzpXzo7W5HkrCu1vYDp51ugi4K,2020-12-18 22:03:03,2020-12-18 22:16:55,2020-12-18 22:16:55,NA,cc,cc,gb,moral,1,3,3,3,3,2,4,2,2,1,1,2,2,3,2,3,3,2,2,2,3,3,2,3,3,4,1,4,2,4,3,1,3,2,1,1,1,1,1,2,2,3,3,2,2,1,2,2,1,1,2,1,3,4,4,1,NA
qu0OapOmHwd6qcEqU34bJ76JGNvm6OhfOqBqnhcPP862OD1Kz0ct6gtINOpKc5KF,2020-12-18 22:28:49,2020-12-18 22:36:52,2020-12-18 22:36:52,NA,gb,gb,cc,moral,3,2,3,3,3,2,2,3,4,4,3,4,4,3,3,4,4,2,4,3,3,3,3,2,3,3,3,2,2,2,3,2,3,4,4,4,3,3,4,3,3,3,4,3,3,4,3,3,3,3,3,3,4,4,3,1,NA
vKWc4aTshV171NwwsVvABFpC_las9vPjGQ43IF8aBKZip7WQ0dpm1q0mARoCxQiB,2020-12-18 22:55:25,2020-12-18 23:14:36,2020-12-18 23:14:36,NA,gb,gb,cb,robot,3,3,2,4,1,2,2,1,1,1,1,1,2,3,4,4,4,4,4,3,3,2,-999,1,2,1,1,3,2,3,2,2,2,4,2,1,2,1,1,4,3,4,3,2,3,2,4,3,4,4,3,4,4,4,4,1,NA
2wK6e_czg-AQhzie5syeGwEbITTaOnQ9IMGZWjruhx9Emc91KT_vO1iWzR_okcfe,2020-12-18 23:59:22,2020-12-19 13:22:28,2020-12-19 13:22:28,NA,gb,gb,cc,robot,2,2,2,3,1,3,1,4,4,4,5,4,4,5,2,4,5,5,4,4,6,1,1,1,1,1,2,2,3,3,3,2,2,4,3,3,4,3,4,4,4,4,3,3,4,3,4,-999,-999,-999,-999,-999,4,4,4,1,NA
2f_cs-h8DABPHMvKiXB559Fd1OTBA_vYRfphwVFZRk8OyCh3nJYdNyayWNW2Ti6v,2020-12-19 00:49:21,2020-12-21 22:43:28,2020-12-21 22:43:28,NA,cb,cb,cc,moral,2,3,3,3,3,2,3,3,3,2,2,4,2,1,3,4,4,4,3,3,4,4,3,4,3,4,2,2,3,3,3,2,3,3,3,3,2,3,2,3,3,4,4,4,3,3,4,-999,-999,-999,-999,-999,3,4,2,1,NA
jzyjLtGQEyuFnDgmjQP5Y4BPYVCSZzI98WT1x_d8PtOM6If5ihA9dwwbD39vxCs0,2020-12-19 03:32:41,2020-12-19 03:41:27,2020-12-19 03:41:27,NA,gb,gb,cb,moral,3,3,3,3,3,3,3,3,2,3,2,2,3,3,3,3,3,3,3,3,3,1,1,1,1,1,3,3,3,3,2,2,3,2,1,2,2,2,1,2,2,2,2,2,2,2,2,4,4,4,4,4,4,4,2,1,NA
Jj9xF4QykBfkU65V4lBLdRSYlvSAVveEV71GSMAUr4XHHxx3iN3bzu_Jh20V0SVy,2020-12-19 08:27:04,2020-12-19 08:32:15,2020-12-19 08:32:15,NA,gb,gb,cb,robot,2,3,3,3,3,3,3,3,4,2,2,3,3,3,3,3,4,3,4,3,4,2,2,1,2,1,2,3,1,2,2,1,1,3,3,4,2,2,2,3,3,4,2,3,2,4,4,2,1,4,1,3,1,1,2,1,NA
GhuR-oq6Gu4n5m7OrfbM6y8Qjqven4KfSW3I6eFcnPelN7MCd58ouIyPGbyzqvRt,2020-12-19 09:58:47,2020-12-19 10:20:33,2020-12-19 10:20:34,NA,gb,gb,cc,robot,2,3,2,3,3,2,3,2,2,2,2,3,2,2,2,3,3,3,3,3,2,2,1,1,2,1,2,2,2,2,3,2,3,2,2,2,2,2,2,2,2,3,2,2,2,2,2,-999,-999,-999,-999,-999,4,4,2,1,NA
D-B69PBnt3N3MCSaVpeuAs24qziE_pbV3Jgs1EzV64rVHjK5O3to5IeTF6DF6-Ar,2020-12-19 10:24:00,2020-12-19 10:41:37,2020-12-19 10:41:37,NA,gb,gb,cb,moral,2,1,3,1,1,1,3,3,2,2,2,3,2,4,4,3,4,2,3,4,3,3,3,-999,3,-999,2,1,4,3,3,2,4,2,2,2,2,3,2,2,4,2,2,3,3,3,3,2,2,1,2,2,3,4,3,1,NA
GyM5DTcYJAYTsrWL_UgItE2KiXQfE93I4p-yEDIzFB6Artdb-EsDNxyDgeCbKCsP,2020-12-19 13:05:30,2020-12-19 13:08:44,2020-12-19 13:08:45,NA,gb,gb,cb,robot,2,3,3,3,3,2,2,4,5,5,5,3,6,4,5,5,5,6,4,5,5,3,2,2,3,3,2,3,2,3,3,2,3,5,4,5,4,5,5,5,4,3,5,4,5,4,5,3,3,2,3,3,3,3,3,1,NA
B2KxTs9QHXjjg3OtZD0PL7EF4zqS_PGOgJYM5xe7rU1oKCJBjjBT2THDsC_BBj2-,2020-12-19 15:03:54,2020-12-19 15:08:40,2020-12-19 15:08:40,NA,cb,cb,cc,moral,3,3,4,4,3,4,4,5,5,3,4,3,5,5,3,5,5,5,5,3,4,4,3,4,3,3,3,3,3,4,4,3,3,3,3,4,3,4,3,5,4,5,5,4,3,4,4,3,4,4,3,3,4,3,4,1,NA
G-qSxdwZ_53RYvEcRBULDB1pmiUvDjAsyLdmdgPBPP0MD7tGiPQ4youyT9u3NawC,2020-12-19 16:28:52,2020-12-19 16:30:43,2020-12-19 16:30:43,NA,cb,cb,cc,robot,3,2,2,2,3,3,2,2,2,2,2,2,3,2,2,4,2,2,2,2,2,1,4,3,4,2,3,3,2,2,1,2,3,3,3,2,2,5,2,2,2,3,3,3,2,3,3,2,3,2,3,3,3,3,3,1,NA
vOTZlb5BZtmUZyAeXz65p9rSUfZlY_RxKt_YQ2ZyKbgE_WQoqT6RsO5dXWL6t3UO,2020-12-19 19:59:32,2020-12-19 20:04:32,2020-12-19 20:04:32,NA,gb,gb,cb,robot,3,3,4,3,3,3,3,2,2,3,3,3,3,3,3,4,3,3,3,2,3,3,3,2,2,3,2,3,3,3,4,2,4,2,2,2,1,2,1,2,1,2,2,2,2,2,2,3,3,3,2,3,2,2,3,1,NA
mZWuVPhoOd7IVZFQYFh9W6lxbl1pknthyHLpWJ7hpeVQBcPWDpT7WgBzVUv2juWi,2020-12-19 21:24:28,2020-12-19 21:31:16,2020-12-19 21:31:16,NA,cc,cc,gb,robot,1,2,2,1,3,2,3,2,2,2,2,2,2,2,2,2,2,2,2,2,2,3,3,3,3,3,3,3,3,3,2,3,2,3,3,3,3,3,3,3,3,3,3,3,3,3,3,1,1,1,1,1,3,3,2,1,NA
Rc1wtP3D4TWgI-lIH8zqaYQFmZUQxn9tod2tct93jlgwH0UsM7_Aqcfe8-LIOVME,2020-12-19 21:46:03,2020-12-19 22:20:33,2020-12-19 22:20:33,NA,cb,cb,gb,robot,2,2,3,2,2,2,3,2,3,3,3,4,5,3,3,4,3,3,3,4,3,3,3,3,2,2,3,2,3,2,3,3,3,3,4,3,4,5,4,2,4,3,3,4,3,4,5,2,3,2,3,3,3,3,3,1,NA
KOOeYWRZz1Cgc94k2meaDX4BT7PJdox8WXnUnRp1d3mRZgRsx-JmXz7PnUHH1wTx,2020-12-19 21:57:43,2020-12-19 22:16:03,2020-12-19 22:16:04,NA,cc,cc,cb,moral,1,2,1,2,1,1,4,6,2,2,2,2,2,2,2,2,3,2,2,2,2,3,3,3,3,2,3,3,2,3,3,2,3,2,2,2,2,2,2,2,2,2,2,2,2,2,2,3,4,4,3,4,4,4,3,1,NA
v_bD9TKPeKZqTzZbcmv6NpjMI2bp0a9bkE7lFhCywiIDzPy-wA4n_I4ANAhzkJ1F,2020-12-20 05:53:37,2020-12-20 06:04:46,2020-12-20 06:04:46,NA,cb,cb,gb,robot,2,3,3,4,2,2,3,3,2,2,2,2,2,3,3,2,3,3,2,2,3,4,4,4,3,3,3,2,3,2,3,2,3,1,2,1,1,2,1,3,3,2,2,2,2,2,2,4,4,3,3,3,4,4,4,1,NA
psZCicGOxdCNU4G9pShk5deIg9iuOIaKscqlG4xJm_8ihKaRxxkff9Ghp-grAVY7,2020-12-20 13:05:25,2020-12-20 13:30:10,2020-12-20 13:30:11,NA,gb,gb,cb,moral,2,3,3,3,2,2,2,3,4,4,3,3,4,4,4,4,4,3,3,4,3,1,1,1,1,-999,2,2,2,2,2,2,3,3,3,3,3,3,3,3,2,3,2,3,3,3,3,3,4,3,3,3,4,4,4,1,NA
lyqpi5hP0WeoZkxDHjkXtextRlucyqcG4_zNgXhRPyzLUaGFGnocf1etR2E41HNC,2020-12-20 13:58:25,2020-12-20 14:01:47,2020-12-20 14:01:47,NA,gb,gb,cb,moral,2,2,2,2,2,2,3,4,4,4,4,4,4,4,4,4,4,4,4,4,4,2,2,2,2,2,2,2,2,2,2,2,2,4,4,4,4,4,4,4,4,4,4,4,4,4,4,2,2,2,2,2,2,2,2,1,NA
0lut_BLzrutGmcUeem2wPfrHLAihqNxKlcHnlcaPW_i_X4FvCZXbnq8fPDAVQSpy,2020-12-20 18:04:37,2020-12-20 18:07:54,2020-12-20 18:07:54,NA,cc,cc,cb,moral,2,2,3,3,1,2,3,4,4,4,4,4,4,4,4,4,4,4,4,4,4,4,3,-999,3,-999,3,3,3,2,3,2,1,4,4,4,4,4,4,4,4,4,4,4,4,4,4,4,4,4,4,4,4,3,3,1,NA
TsUHF2wQpWcBIwObvtsOfgqhgU8iyRRK1CYwmRSZswdxzgYmQiUhhKmyDeLVVE9H,2020-12-20 21:43:47,2020-12-20 21:44:55,2020-12-20 21:44:55,NA,cb,cb,gb,moral,3,2,2,1,4,3,3,5,6,4,5,4,3,4,4,4,5,6,5,5,3,3,3,2,3,2,2,2,3,2,3,3,3,4,3,4,4,3,4,4,2,5,4,4,3,5,3,3,3,2,4,2,3,2,2,1,NA
g-tpaSGqYUaWheFWIdoVsZcw2VbP9H0rU0PJz6ndgDB9k_s5eUdC603kRw7qSC3v,2020-12-21 17:32:45,2020-12-21 17:37:23,2020-12-21 17:37:24,NA,gb,gb,cb,robot,2,3,2,3,3,3,3,1,1,1,1,1,1,2,1,2,1,2,1,1,1,4,4,4,4,4,1,2,2,2,4,1,4,1,1,1,1,1,1,2,1,1,1,2,1,1,1,3,3,3,3,3,3,2,3,1,NA
zGIJmCKH91bPxrgdzRGHSkbA2rUPfCJGQ8xK0cbKXsJckq0AndZkBdGF9m9HiDDs,2020-12-21 20:20:08,2020-12-21 20:27:13,2020-12-21 20:27:13,NA,cc,cc,gb,robot,3,3,4,4,3,2,2,2,2,4,2,1,1,4,5,3,3,1,1,2,3,1,4,-999,1,-999,3,4,4,4,3,2,2,2,1,1,1,2,3,2,1,2,3,2,3,2,1,1,3,-999,3,3,4,4,3,1,NA
ZfqoCk-8vBCBqjAzFzA3447cDmux8FFP64iihyFeoxLrpVZi6OK-cADJyxGZJtYM,2020-12-23 11:06:59,2020-12-23 11:09:59,2020-12-23 11:09:59,NA,cc,cc,gb,moral,2,2,3,3,4,4,4,3,3,3,3,3,3,4,3,4,3,4,3,4,3,4,3,-999,-999,-999,4,4,3,2,4,4,3,4,4,4,4,4,4,4,4,4,4,4,4,4,4,-999,-999,-999,-999,-999,3,3,3,4,NA
KRMfsof6tGdBCMFXzKPgclJeVjXKWQWRynRgtnId3bMgu72pjYkW3mATOTbAGnm1,2020-12-23 18:14:35,2020-12-23 18:18:41,2020-12-23 18:18:42,NA,gb,gb,cb,robot,2,2,2,2,3,2,3,3,3,3,3,3,3,3,3,3,3,3,3,3,3,2,2,2,2,2,2,2,3,2,2,2,2,4,3,3,4,4,4,4,4,4,3,4,4,3,3,-999,2,-999,-999,2,2,2,2,1,NA
rCnamKtqFxI7I47Fm1IS2miXisQ6Ajqwyj81kl8M61Y4FfCIvOvCYkK9bp4Yhwa-,2020-12-23 18:17:36,2020-12-23 19:04:53,2020-12-23 19:04:53,NA,gb,gb,cb,moral,1,2,1,2,3,2,3,1,1,1,1,1,1,4,1,3,1,4,4,1,3,1,1,1,1,1,1,3,1,2,2,2,3,1,1,1,1,1,1,4,1,4,1,4,2,1,2,4,4,4,4,4,4,4,3,1,NA
y9N2I66WP7c_eojdfoPuV7KeFvw9CdrLZupYWrj1NRfO_miQ-1x2LmoR5WTdLuWr,2020-12-23 18:26:46,2020-12-23 18:32:14,2020-12-23 18:32:14,NA,gb,gb,cc,moral,2,3,3,4,2,2,3,5,2,3,3,3,2,3,6,6,5,4,5,6,3,1,1,1,1,1,2,2,3,2,3,2,3,3,3,2,3,3,2,2,4,4,3,4,3,3,3,1,1,1,1,1,4,4,4,3,NA
VVYp6eZalV9tQqYK0zt-rnizXvV5bMJaHs-3p42zVKyopL3AavpiLNbtsAKH6kzR,2020-12-23 18:45:30,2020-12-23 18:54:42,2020-12-23 18:54:42,NA,gb,gb,cc,robot,3,3,3,3,3,3,3,4,4,5,4,4,4,4,4,4,4,4,4,4,4,3,-999,-999,3,-999,3,3,3,3,3,2,3,4,4,4,4,4,4,4,4,3,4,4,4,4,4,3,-999,3,3,-999,3,3,2,1,NA
k3Fx4bam8kidso1961YnLWRQRbBdYvbJwsjQXYKXkY5bMwnKVa1r8IQ5E__dHDRa,2020-12-23 18:47:47,2020-12-23 18:54:02,2020-12-23 18:54:02,NA,gb,gb,cc,moral,3,3,3,3,2,3,2,3,3,3,3,3,4,3,4,4,4,3,3,3,3,3,3,3,2,3,3,3,3,3,2,3,2,2,3,2,2,2,2,3,3,2,3,3,3,3,3,3,3,3,3,3,3,3,3,3,NA
xwTNDPEgio5_fPl82hxsy2GAe8TIsMHyDRT0OcJs-98fU5CMpLUytAjdBnHawNvJ,2020-12-23 18:48:51,2020-12-23 19:00:58,2020-12-23 19:00:58,NA,cb,cb,gb,moral,4,2,3,4,2,3,2,6,2,2,3,3,4,3,2,5,5,4,3,6,5,3,4,4,3,4,2,3,3,2,4,1,3,2,1,1,1,1,1,1,1,3,3,1,1,1,1,1,1,1,1,1,4,4,2,1,NA
MsqBHPtW42VUiZoLeiGCrffxxTbLw7NsHQoElyeOVPFsFSVy1h98s9jaVBr-M963,2020-12-23 18:50:24,2020-12-23 18:58:21,2020-12-23 18:58:21,NA,cc,cc,gb,moral,2,2,2,2,3,2,3,3,2,2,2,3,2,3,2,4,4,3,3,3,3,2,-999,-999,2,-999,2,2,2,2,3,2,3,4,3,3,3,3,2,3,4,4,3,4,3,3,3,1,1,1,1,1,3,3,3,1,NA
r40CWpOl53o0suj2sa0D1AdDTyltkAW2nF4OAM4pHDTu7XhxkXt0e3hUjsddD9Tz,2020-12-23 18:53:01,2020-12-23 19:03:30,2020-12-23 19:03:30,NA,cb,cb,cc,moral,2,2,3,2,3,2,3,2,2,2,2,2,2,2,2,2,2,3,2,2,2,3,4,4,3,4,3,2,4,2,3,2,3,2,2,2,2,2,2,2,2,2,2,2,2,2,2,4,-999,-999,4,-999,4,4,3,3,NA
Zx6_PpGiF1xK5JWFvry6xO7JVWGt7ajXXOK-bKGF8kWaCKmEY4DofkAnALAT2WZ5,2020-12-23 19:03:31,2020-12-23 19:15:37,2020-12-23 19:15:37,NA,cc,cc,gb,moral,3,4,4,4,4,1,4,1,1,1,1,1,1,1,1,1,1,1,1,1,1,4,4,4,4,4,3,4,4,3,3,1,3,1,1,1,1,1,1,1,1,1,1,1,1,1,1,4,4,4,4,4,4,4,4,1,NA
rRgNfZMMeM2T2M-D1DRLWgF3wpY3UEyGvv3niEPWdYh2bfMjilyxkd9WOLVtTaGA,2020-12-23 19:07:44,2020-12-23 19:22:04,2020-12-23 19:22:05,NA,gb,gb,cc,robot,3,3,4,2,3,2,2,1,1,2,2,2,2,1,1,2,1,1,3,2,3,3,1,1,4,2,2,3,3,3,3,2,3,2,2,3,2,2,2,1,1,2,2,1,2,2,2,4,4,4,4,4,3,2,4,1,NA
PGgtxtW2UaP4FTkFC0gOtnR7CsGaZhevQI5dfYFcm07vu1U8FmzjEMknZFIBYKNu,2020-12-23 19:18:33,2020-12-23 19:31:31,2020-12-23 19:31:31,NA,cb,cb,gb,moral,3,2,3,4,3,2,3,3,2,4,3,4,4,2,4,2,2,3,2,2,2,2,4,4,-999,4,2,3,2,3,2,2,3,2,2,2,2,2,2,2,2,2,2,2,2,2,2,1,1,1,1,1,4,4,2,1,NA
Na5Od0InBN9SAaYByNA41XS5TpYfLR4jQ0r5oxuZnf_Z_sz6vK0B_Urud92JAgsw,2020-12-23 19:23:43,2020-12-23 19:26:35,2020-12-23 19:26:35,NA,gb,gb,cc,robot,4,4,1,1,2,3,1,7,4,7,7,5,7,5,4,4,4,5,5,7,7,1,1,1,1,1,3,3,1,2,2,3,2,2,2,2,3,2,6,3,1,3,3,1,4,1,2,1,1,1,1,1,3,4,4,1,NA
1KSw3kbSyOCWPRP1kK6TAmKf5J5FL5GAfPTtEY_-pbCZc6paNjfnc_ROMJgv2f1g,2020-12-23 19:24:27,2020-12-23 19:39:51,2020-12-23 19:39:51,NA,cb,cb,gb,moral,3,2,2,3,2,2,3,3,4,3,3,3,2,3,3,3,4,3,3,2,3,-999,-999,3,-999,3,2,3,2,3,3,3,3,4,4,3,4,3,3,4,4,4,3,5,3,3,4,-999,-999,-999,-999,-999,3,2,2,1,NA
de4GzvEGCrWW-86uH3YSmzxq7TecOuF0mVewv4mkSw51bDjaQbmPgsBkesvZnWzS,2020-12-23 19:25:54,2020-12-23 19:41:16,2020-12-23 19:41:16,NA,cb,cb,gb,robot,2,3,2,3,2,3,3,3,3,4,2,4,3,4,2,3,2,5,2,3,3,3,2,3,3,2,2,3,2,3,3,3,3,2,3,3,3,2,3,4,4,4,3,3,3,4,3,3,2,2,3,2,4,4,4,1,NA
tKBEeLk0GJNZOPLkKRhuraqNrqIokJ-91gMlkFW_OA3aAe_AQ0cyaz2YSuAPfqwQ,2020-12-23 20:35:53,2020-12-23 20:57:34,2020-12-23 20:57:34,NA,cc,cc,gb,moral,3,2,2,3,4,3,3,2,1,1,2,2,2,2,2,4,2,4,2,2,2,-999,3,3,3,-999,2,2,2,2,3,2,3,2,1,1,2,2,2,4,3,4,2,2,4,3,3,2,2,3,-999,1,3,2,1,1,NA
ijfCsEIZ3Qrm4m_yjtWewyO_iHdRbTEzpvg3Uc7tJN7vBpMVSi8wp6A43wMwX9d-,2020-12-23 20:38:29,2020-12-23 20:40:23,2020-12-23 20:40:24,NA,cc,cc,cb,moral,2,2,2,2,2,2,2,4,4,4,4,4,4,4,4,4,4,4,4,4,4,-999,-999,-999,-999,-999,2,2,2,2,2,2,2,4,4,4,4,4,4,4,4,4,4,4,4,4,4,-999,-999,-999,-999,-999,3,4,2,3,NA
hUd42ElsBCjTWuRiAGCkbWZX6SK3y-YppGvn9UPUretmUXNLwsuVHqt-MjZz8cV4,2020-12-23 20:38:35,2020-12-23 20:56:01,2020-12-23 20:56:01,NA,cc,cc,cb,robot,3,2,4,2,3,3,3,3,3,2,3,2,5,3,3,4,6,4,4,4,4,4,4,3,3,3,3,2,2,3,2,2,2,2,4,3,4,3,3,3,3,5,4,4,3,5,5,4,4,4,3,4,4,4,2,1,NA
_vN_cmq8-WGU0XitEzHhvWsVzXhBFI-166d8UBzOm2dr7rhXEpfe-p0gnnetS0i6,2020-12-23 22:39:16,2020-12-23 22:48:22,2020-12-23 22:48:22,NA,cc,cc,cb,robot,2,4,2,4,3,2,3,1,1,4,1,1,1,1,2,4,1,1,1,2,2,4,4,-999,4,4,3,4,4,4,2,2,4,2,1,2,2,4,1,2,2,4,3,4,3,2,4,4,4,4,4,4,4,4,3,1,NA
tVqhPPVC2kLhB_HbldzMidfq488H_KmmkOxwb8uhsBSyzOB2ZZbO7iZfhxR_tAd5,2020-12-23 23:30:34,2020-12-29 01:22:47,2020-12-29 01:22:47,NA,cb,cb,cc,robot,2,3,3,4,1,2,2,3,3,2,1,3,2,2,4,4,2,1,4,2,2,3,3,3,4,-999,2,3,3,3,3,2,3,1,2,3,1,3,2,3,2,3,3,2,2,2,2,-999,4,-999,4,3,3,3,3,3,NA
GnzAqos2YgEDsbFdEX3gwbGOjGrbsMkIo8TKiyJ2owG4EvPXS7G5GwOQJJPyBTvy,2020-12-23 23:31:03,2020-12-23 23:32:53,2020-12-23 23:32:53,NA,cb,cb,cc,moral,3,4,3,3,3,3,3,4,6,4,6,5,6,5,6,6,6,6,5,4,5,4,3,3,2,3,3,3,2,3,2,3,2,4,6,3,4,4,4,4,4,5,3,4,4,5,4,2,2,2,3,3,2,3,3,1,NA
o-QFlw5bIAQU7_dncZ5KnC4qk_YldK0Y0nuqJi_2OzOlUwNr3nH4S9jcMTOVjseK,2020-12-23 23:31:59,2020-12-23 23:52:22,2020-12-23 23:52:22,NA,cb,cb,cc,moral,3,2,2,3,2,3,2,4,1,1,4,4,4,4,2,4,4,4,4,4,4,3,-999,-999,-999,-999,2,3,2,3,2,3,3,4,2,3,3,2,3,4,3,2,4,4,2,4,4,-999,4,-999,-999,-999,4,2,3,1,NA
GVjsMljXAcq_WAZteME7FnK0tpRvQRUX_ZYAE3gf3_Ci932QrirwWd0_IINRNlHI,2020-12-24 01:59:16,2020-12-24 02:02:27,2020-12-24 02:02:27,NA,gb,gb,cc,robot,3,4,3,3,3,3,4,4,4,4,3,3,3,5,3,4,3,3,4,4,3,2,4,3,3,3,3,4,3,4,3,4,4,3,5,4,4,4,6,4,3,4,3,5,4,3,4,4,3,3,3,3,3,3,4,1,NA
FHDrOZ591R4JQSSjk3BEiCT1ZRLBAChKXRv6r_0IWC51rh0t_LiHygscg0gaZgSS,2020-12-24 02:06:22,2020-12-24 02:08:15,2020-12-24 02:08:15,NA,cc,cc,cb,robot,3,4,3,4,3,4,3,3,4,4,3,2,5,3,3,3,3,4,4,3,3,3,4,3,3,3,3,3,4,3,4,3,3,4,4,1,2,3,4,3,3,4,4,4,2,2,3,4,4,4,3,3,3,4,4,1,NA
pTn1JXGD8YjevR2WC-5kmWfDjyWZttEoRJAKamA-tkGkEAczkO13LYeOWek8HNkD,2020-12-24 03:30:13,2020-12-24 03:38:00,2020-12-24 03:38:00,NA,cb,cb,cc,robot,4,4,4,4,1,4,1,1,4,4,4,4,4,4,4,4,4,4,4,4,4,-999,1,-999,-999,-999,1,4,4,4,1,4,1,4,4,4,4,4,4,4,4,4,4,4,4,4,4,-999,-999,-999,-999,-999,1,1,1,2,NA
rgh7qS4kIev1lmscNGQhvcpvSWrTGiKvibKRtKs8knBFr6dNp7rOpIGTidsQ7RJS,2020-12-24 04:54:24,2020-12-24 04:57:12,2020-12-24 04:57:13,NA,cb,cb,cc,robot,2,2,3,2,2,2,3,5,5,5,5,5,5,5,5,5,4,5,5,4,5,3,2,2,3,3,3,2,3,3,3,3,3,5,5,6,5,4,6,5,4,5,4,5,5,5,4,3,3,3,2,3,3,3,3,1,NA
oc89IN18K3fwsQ-m17nEVPLzvC_VvTq4Te-61u9AcDPjPFGzPJCxfjFu-Td2vv-K,2020-12-24 09:08:07,2020-12-24 09:10:29,2020-12-24 09:10:29,NA,cb,cb,cc,robot,3,3,3,3,3,3,3,4,4,4,4,4,4,4,4,4,4,4,4,4,4,3,3,3,3,3,3,3,3,3,3,3,3,5,5,5,5,5,5,5,5,5,5,5,5,5,5,3,3,3,3,3,3,3,3,1,NA
KrCmFcNfOxsxALKL60GZ61m4x6cwLcm8yIx4wcATD_iYoamPy1yl6bWZgtSS4JaA,2020-12-24 10:45:05,2020-12-24 10:52:50,2020-12-24 10:52:50,NA,cc,cc,gb,robot,1,2,1,3,3,1,3,1,1,1,1,2,1,3,3,2,3,4,1,2,3,3,4,4,4,4,2,2,2,2,3,2,4,2,1,1,2,1,1,2,2,2,3,4,1,3,3,1,1,1,2,1,4,4,3,1,NA
9OcD_3Nxx1fmDgoatUbt8eu6Fnra8GCGGfkQTbRbQgWuZcDtH7hr5DY_WT5s7TUb,2020-12-24 11:05:02,2020-12-24 11:17:30,2020-12-24 11:17:30,NA,gb,gb,cc,moral,3,2,3,3,2,4,3,6,5,4,6,6,5,6,4,5,5,6,4,5,5,4,-999,3,2,-999,2,3,2,3,3,1,2,3,3,3,2,4,4,2,4,3,3,3,4,3,3,3,3,3,-999,-999,3,4,2,1,NA
r-oiPhiYAeyFracpE1fVvvXDE8Eo3arSMgEUv_pMtDtjlHLyWe_eYSWeYPAFQpsw,2020-12-24 11:31:11,2020-12-24 11:47:38,2020-12-24 11:47:39,NA,gb,gb,cb,robot,4,4,4,4,1,2,1,6,6,6,6,6,6,6,6,5,5,6,6,5,6,1,1,1,1,1,4,4,3,3,1,4,1,6,5,5,5,6,6,6,5,6,5,4,5,5,4,4,4,4,4,4,4,4,4,1,NA
OtrS0gSWxU2VZB9B-U11WM-BKBc3i80RcvUIV6DwgvyKbPa1BDe_b-Mch9Lkxmp0,2020-12-24 13:40:49,2020-12-24 13:44:26,2020-12-24 13:44:26,NA,cc,cc,gb,moral,3,2,3,3,3,3,3,3,2,3,2,2,2,2,3,2,2,3,3,2,3,-999,-999,-999,-999,-999,3,2,3,3,2,2,2,3,3,3,3,3,2,3,3,3,3,4,3,3,3,2,2,2,2,2,3,3,3,3,NA
aJRnfb99UPPHSVF44v5RU5DvAPaEdraWWvY48D_sbzi5-Crj7ONqe1JLgubWLFI6,2020-12-24 13:43:02,2020-12-24 13:52:54,2020-12-24 13:52:55,NA,gb,gb,cb,robot,3,3,2,3,3,2,3,3,3,3,3,3,3,3,3,3,3,3,3,3,3,3,3,-999,3,-999,3,3,2,3,3,2,3,3,3,3,3,3,3,3,3,3,3,3,3,3,3,3,4,4,3,4,3,3,3,4,NA
zCprDgk14IltozsrFNtzyf1iwqpn8dlImKMP17R9wchwABdZ5UnJmD9KCIar_qRA,2020-12-24 13:51:34,2020-12-24 14:01:18,2020-12-24 14:01:18,NA,cc,cc,gb,moral,3,3,2,3,3,3,3,2,1,3,3,1,1,3,4,4,3,4,4,2,3,3,2,2,2,4,2,2,2,3,1,4,1,4,5,4,3,3,5,6,3,4,4,6,5,6,5,3,2,1,2,2,4,4,2,1,NA
LKPocY8QUJSUzacUyRtkyOtj8cHxgaNRmWZuMWDK3jaLUgX3rPqe9JzMF_OFtaSH,2020-12-24 13:53:19,2020-12-24 14:00:40,2020-12-24 14:00:40,NA,gb,gb,cb,moral,4,4,1,4,3,2,1,4,5,4,4,5,5,5,4,5,5,5,6,6,4,1,1,1,1,1,4,2,1,4,1,3,1,6,6,5,6,6,6,4,4,6,5,5,4,6,5,4,4,4,-999,4,4,4,4,1,NA
p7rsVuy3XV-rMKtS4ICB7z6xH6WBEJ-2LS7SYc0WvpG8-6Y2AMNt9PuA1gLSbqC7,2020-12-24 13:55:24,2020-12-24 13:57:01,2020-12-24 13:57:01,NA,cb,cb,cc,moral,3,2,3,2,3,3,3,6,5,5,6,6,4,5,4,5,4,5,2,5,4,4,3,2,3,-999,2,2,4,2,2,2,4,5,3,3,4,4,4,5,4,4,6,5,3,6,5,4,2,2,2,2,4,4,3,1,NA
MzWPkJZQlHqPBakM8SPsdMhi8S5jyjtOXm2ze-SxZLZAMV3Jx0X-XbWNjlQ6eLlB,2020-12-24 13:58:52,2020-12-24 14:00:53,2020-12-24 14:00:54,NA,gb,gb,cc,moral,3,3,2,3,3,2,3,4,4,4,4,4,4,5,4,5,3,5,4,4,5,3,3,3,3,3,2,2,3,3,2,2,3,4,4,4,4,4,4,4,4,4,4,4,4,4,4,-999,-999,-999,-999,-999,3,3,3,1,NA
J-hiPQ-oyFF5iRuEoo_Jz6tzPiCR3nmSnkgOvMKk-IjH8etRA0QK510AxaVucCK3,2020-12-24 14:10:26,2020-12-24 14:15:01,2020-12-24 14:15:01,NA,cc,cc,gb,moral,2,2,2,4,2,3,2,1,3,2,2,3,2,4,4,2,4,4,4,2,4,3,4,-999,1,3,3,2,3,3,2,2,2,2,2,2,2,2,2,4,3,2,4,4,3,3,3,4,-999,1,3,2,3,3,1,1,NA
1wdX2cAoSikcvBV0VpXkXkjffFrm2PMwywTcJ2rL2zOwAsBtSVhMcNWxtflHX_p1,2020-12-24 14:16:48,2020-12-24 14:21:06,2020-12-24 14:21:07,NA,cc,cc,gb,robot,3,2,3,3,2,2,3,3,4,4,5,5,3,4,5,4,3,4,3,3,4,2,3,4,3,3,4,2,3,3,3,3,2,2,3,3,5,4,3,3,4,4,5,5,4,4,5,3,2,3,4,3,2,3,3,1,NA
tuVkWbdaEXI8VsUvz2118JF5e9xXobhMmrk7TfMykc6lwoX7RSt5z4itAavhjGR9,2020-12-24 14:23:19,2020-12-24 14:25:46,2020-12-24 14:25:46,NA,cb,cb,gb,moral,3,3,3,3,2,3,2,2,2,2,2,3,2,2,3,3,2,2,2,3,2,3,3,3,4,4,2,2,2,2,2,2,2,4,3,4,5,4,4,4,4,4,3,5,5,3,4,2,2,3,3,2,3,4,3,4,NA
De8AnIwlJ4t2QzC8b39iPRHvl4A-3x_BEUgipzMHuYcJKj9G4soUjDaYLIQeEeGf,2020-12-24 15:45:32,2020-12-24 16:02:28,2020-12-24 16:02:29,NA,cc,cc,cb,moral,3,4,3,3,3,2,3,2,2,1,1,1,2,2,3,2,3,2,4,2,2,3,3,-999,4,3,4,4,3,3,3,2,3,1,1,2,1,2,1,1,1,2,2,3,3,2,3,4,4,4,4,4,4,4,3,1,NA
PoQNQFycBdMaasZObR9l5jf2_2K22k5oeUPdcQH-J6l8sVY0fw941JO7WT6g7wo5,2020-12-24 15:54:13,2020-12-24 15:59:00,2020-12-24 15:59:01,NA,cc,cc,gb,moral,2,3,3,3,4,3,2,2,4,2,4,2,4,3,4,4,3,4,4,5,4,3,3,3,3,-999,3,3,3,3,3,2,2,4,3,4,4,4,3,4,4,4,4,3,3,4,3,-999,3,1,-999,-999,4,3,4,1,NA
kj698mOjgjv1BTBKQKHu07fml1Q7_fNJMZhwQ-0o5QpiDK264Qpp2CXc578JxYV-,2020-12-24 16:45:33,2020-12-24 16:52:12,2020-12-24 16:52:12,NA,cc,cc,cb,moral,2,1,1,1,4,1,3,1,1,1,1,1,1,1,1,1,1,1,1,1,1,4,4,-999,4,4,2,1,1,4,4,1,2,1,1,1,1,1,1,1,1,1,1,1,1,1,1,4,4,2,4,-999,3,4,4,1,NA
0yejTdaPrDfwhxPr5wL4uDhpgrWHp0_gjT7dENprxUv6zdU9blsLiDFqcbnTtT5E,2020-12-24 17:30:42,2020-12-24 17:40:13,2020-12-24 17:40:13,NA,cc,cc,cb,robot,3,4,3,4,2,4,3,3,2,3,3,2,2,5,3,4,2,5,4,1,3,2,4,1,1,3,2,1,2,2,1,3,4,4,5,2,2,4,4,2,2,3,5,2,4,2,4,2,2,4,2,1,4,3,3,1,NA
YLUsHJ7gHUCwxAPzEVPY7HzzGlkfbZuV2Y-p75OkMhWGes8BZCUoRsJyt5Sz-G60,2020-12-24 17:38:03,2020-12-24 19:09:36,2020-12-24 19:09:37,NA,gb,gb,cc,moral,2,3,3,2,2,2,3,2,2,2,3,3,1,3,3,3,3,3,4,2,4,1,1,-999,1,1,2,2,3,3,3,1,2,3,3,2,3,3,2,3,2,3,3,3,3,3,3,-999,-999,-999,-999,-999,3,3,3,1,NA
triv9EWHzl5bM8qJNeMYIuev_3Htw-yLTZJtjmrNdgv1c9UbZv8E-8--GDu7_QVc,2020-12-24 17:46:31,2020-12-24 17:51:30,2020-12-24 17:51:30,NA,cc,cc,gb,moral,3,2,2,2,3,3,2,5,5,4,4,5,5,5,5,5,5,4,5,5,5,3,3,3,2,3,2,2,2,4,2,2,2,5,5,5,5,5,5,5,5,5,6,5,5,5,6,1,1,1,1,1,2,2,2,1,NA
vefXoHE8Nu2IMmQjyUoXHu5X2ORs-nkARBQS7TYm0zGZhW1FzN4p6rZPFaM92x4j,2020-12-24 23:14:39,2020-12-24 23:19:22,2020-12-24 23:19:22,NA,cb,cb,gb,moral,2,2,2,2,2,2,2,4,4,5,4,4,4,4,4,3,4,4,3,4,4,3,3,3,3,3,3,2,2,2,2,2,1,4,4,4,4,4,4,4,4,4,4,4,4,4,4,3,2,2,3,3,3,3,3,1,NA
N7dzUEGlW_lo8MiKIW-sQtV1wsLPkgF8hIUyYt5XzR6X_KCTJ8xIwEyXd0JSxgIP,2020-12-25 07:32:16,2020-12-30 02:15:37,2020-12-30 02:15:38,NA,gb,gb,cc,moral,2,3,2,3,3,3,3,2,2,2,3,2,2,2,2,2,3,2,3,3,2,3,3,-999,3,3,3,3,2,3,3,3,3,3,2,2,2,2,2,2,2,2,2,3,2,2,2,3,3,3,3,3,3,3,3,1,NA
ch7OFMBWEEVGDhoxoWjvjhB2IpJFkgIw5IwTClVop5OgppSSZupUT7KbVZZg_ebZ,2020-12-25 13:50:25,2020-12-25 13:55:42,2020-12-25 13:55:43,NA,gb,gb,cc,moral,4,1,2,2,3,2,3,4,3,4,4,4,5,5,6,7,4,4,5,5,5,-999,-999,-999,1,-999,3,3,4,2,4,2,2,1,1,1,1,1,1,1,1,1,1,1,1,1,1,-999,2,2,-999,-999,1,3,1,1,NA
ywsXTxmpXPDxvzmBwY2d-aPQgG0lD97v8sw6oeZHPVss-8iQHREzEI5tjFjqSFII,2020-12-25 18:18:49,2020-12-25 18:30:46,2020-12-25 18:30:47,NA,gb,gb,cb,robot,2,3,4,3,2,2,2,2,3,3,3,3,3,3,2,3,2,3,3,3,2,2,-999,-999,2,-999,3,3,3,3,3,1,3,2,2,2,2,2,2,1,2,2,2,1,1,2,2,4,4,4,4,4,4,4,4,1,NA
VkwAYW1oWgcX3vA0SnbIOVoj4KvlzuH-dVy4XJhOglZnHYTpFQNa3Q-a17VSU-FQ,2020-12-26 00:45:21,2020-12-26 00:58:10,2020-12-26 00:58:11,NA,cb,cb,gb,moral,3,3,3,2,3,4,3,3,4,3,3,2,4,4,3,3,4,3,4,3,4,4,3,3,4,4,4,3,3,3,2,3,4,3,4,5,4,3,3,2,5,3,4,2,3,4,5,3,4,2,3,3,4,4,4,1,NA
FkeeNzERrW72e4aZC26-TjJtqDZgGkcZERRyvKAfl5ZgCZ1lKg9SS0ido6Nr2dWz,2020-12-26 11:00:02,2020-12-26 11:08:46,2020-12-26 11:08:46,NA,cb,cb,cc,moral,3,4,3,3,3,1,4,3,2,3,2,2,3,2,2,2,2,2,2,3,2,4,4,4,4,4,3,4,2,4,2,2,3,2,2,2,2,2,2,2,2,2,2,2,2,4,2,1,2,1,2,2,4,4,4,1,NA
KnmjRNX8JDL9t2oIEDqwQ1zUh26BICIpOIKnsOf3rLbaDuKAJD1CW4pZ1r0HN4AG,2020-12-26 11:06:10,2020-12-26 11:11:51,2020-12-26 11:11:52,NA,cb,cb,gb,moral,2,3,1,2,3,1,2,1,4,2,2,4,2,2,4,4,3,3,5,2,4,4,4,4,3,3,3,2,3,4,2,2,2,4,4,2,4,4,4,2,2,4,4,4,4,4,2,2,2,1,2,1,3,3,3,1,NA
MO7MDrYo4X5C4pEGj9BfYSZJKjKKkVXQooL51fOS8XrECnKYBu3m7p7f_jJnAP8W,2020-12-26 11:44:40,2020-12-26 11:50:06,2020-12-26 11:50:06,NA,cb,cb,gb,moral,2,3,2,3,2,3,2,2,2,1,2,2,2,2,2,3,3,2,3,3,3,3,3,4,3,4,2,3,3,3,1,4,1,5,2,3,4,2,2,3,4,5,3,5,5,4,5,1,1,1,1,1,4,4,4,2,NA
5FIxXbAQiiorTJM6T2ACd6eW8NErjp-CphfbdF4OP2sM1jz_Ml_Jdbh0epWqMvfz,2020-12-26 11:47:41,2020-12-26 11:52:34,2020-12-26 11:52:34,NA,cc,cc,gb,moral,2,2,1,1,2,2,3,2,2,2,2,2,2,2,2,2,2,2,2,2,4,3,3,3,3,3,2,3,2,3,3,2,3,2,2,2,2,2,2,2,2,2,2,2,2,2,2,3,3,3,3,3,3,3,3,1,NA
Y5zvxyFwdvAQNpz52b3kPT-7pGad-Qc5OSxp73yi8amIpZ3rgwUu134tOSF8BP05,2020-12-27 08:50:49,2020-12-27 09:11:29,2020-12-27 09:11:29,NA,gb,gb,cc,robot,3,2,2,2,3,2,2,2,4,4,4,5,2,3,2,5,3,2,4,2,5,1,3,2,2,2,2,2,2,3,1,2,3,2,4,6,2,3,7,5,4,4,6,3,4,4,5,1,2,3,2,2,3,2,2,1,NA
RE9vKNTkx-eqq3CPMU41vsSLoJfi0UBKdn0tuAA1HyTnDwaSbR1gs3ySSp5FUgzE,2020-12-27 17:47:29,2020-12-27 17:54:23,2020-12-27 17:54:23,NA,gb,gb,cb,robot,2,1,2,2,3,2,3,1,1,1,1,1,1,1,1,4,4,4,1,1,1,3,-999,3,3,-999,1,4,1,2,3,1,3,1,1,1,1,1,1,1,1,4,2,1,1,1,4,4,4,4,4,4,4,3,4,1,NA
9-n__gpjcwh3Zq-Q7rKoelNJtJuaOwuZIYcrT_3EIPw4U97OtDPAExm5DDvUD8Er,2020-12-28 03:20:03,2020-12-28 03:27:27,2020-12-28 03:27:28,NA,gb,gb,cc,moral,2,3,2,3,2,3,2,3,4,2,2,4,4,4,2,3,4,3,3,4,3,1,1,1,1,1,2,2,3,2,3,2,3,4,4,3,2,3,3,4,3,3,4,4,3,3,4,2,-999,-999,-999,-999,4,4,3,1,NA
VCThLg7qrwl-f2xmdOjqxJDpuo-Ss6CGQTolERe5guemnFmteSEuse9AIpeo02VS,2020-12-28 07:44:44,2020-12-28 07:56:22,2020-12-28 07:56:22,NA,cc,cc,cb,moral,3,2,3,2,4,2,4,1,1,1,1,1,1,1,1,1,1,1,1,2,1,4,4,4,4,4,3,2,3,3,2,2,3,1,1,1,1,1,1,1,1,1,1,2,2,2,1,1,1,1,1,1,4,4,1,1,NA
HYYVxlcW41GHks3m8FHEVs48Zz_4CavgcordwKSoO5PaQABm_nAYQlaleym6frWL,2020-12-28 13:11:58,2020-12-28 13:20:29,2020-12-28 13:20:29,NA,gb,gb,cc,moral,1,3,4,2,2,2,2,1,2,2,2,2,2,6,2,4,3,4,4,1,3,3,1,1,1,1,1,3,2,2,3,2,3,3,2,3,4,3,1,5,4,3,4,6,6,6,6,-999,-999,3,-999,-999,4,4,1,1,NA
0NgR0NZnC32wtzDIxpGC1-T16UdxRP8PG2eVmujkefwd5VDym6UQOfJFQ0DofHSW,2020-12-28 19:48:26,2020-12-28 20:19:03,2020-12-28 20:19:03,NA,gb,gb,cc,moral,3,3,3,2,3,2,3,1,1,1,2,2,3,1,1,1,1,1,1,3,1,2,1,1,2,1,2,3,3,3,2,3,2,1,1,1,1,3,2,1,1,2,2,2,4,4,1,2,1,2,3,2,4,4,1,1,NA
zgO5EtGghQ3v99iH19ihpmFs-icEJ_BpLNEG8GGwQGxSAK2rrbN6HxyYkPbccuXV,2020-12-29 10:30:44,2020-12-29 10:48:05,2020-12-29 10:48:06,NA,gb,gb,cc,robot,2,3,3,4,2,1,3,6,3,5,3,5,5,3,4,4,3,4,4,4,3,-999,-999,1,-999,1,2,2,1,2,2,2,3,5,2,3,3,5,3,3,5,4,3,2,5,2,3,-999,-999,-999,-999,-999,2,4,3,3,NA
e-vAn3orfSMgBZ9pXUAbVkBN6N_wKAXqvxq0nEz64DL6V4OL1Df-bKUYK-h7J1oR,2020-12-29 13:42:13,2020-12-29 13:54:12,2020-12-29 13:54:13,NA,cc,cc,gb,robot,2,2,2,3,2,3,2,3,3,3,4,3,3,3,3,3,3,3,4,4,3,2,3,3,3,3,2,2,2,2,3,3,3,3,3,3,3,3,3,3,3,3,3,4,4,4,3,3,3,3,3,3,4,4,4,2,NA
miQU7siUrQxbYi-YlnuT96tB2BV44I6IBkHfguvY1ngYE1kAemHOzuWaGgWNX4CV,2020-12-29 14:07:41,2020-12-29 14:14:40,2020-12-29 14:14:40,NA,cb,cb,cc,moral,2,1,3,2,4,1,4,1,1,1,1,1,1,1,1,1,1,1,1,2,2,4,4,4,3,4,1,4,2,3,2,3,2,2,2,1,2,2,2,2,1,4,3,3,5,3,2,4,3,-999,-999,-999,3,4,2,1,NA
Gh10YLw0NwoS8yka-M-Fgst4uKmNmCDC7FA7dhxRHJfxltEdChu4S1aqANSk0Nl2,2020-12-29 14:08:27,2020-12-29 14:12:57,2020-12-29 14:12:57,NA,gb,gb,cb,moral,1,2,2,1,1,1,1,5,5,7,7,4,7,7,7,7,7,5,5,4,5,3,3,3,2,3,2,1,1,3,1,1,2,5,6,6,7,7,5,6,4,5,5,6,5,5,5,1,2,3,1,1,1,1,1,1,NA
ThR0MCZ94R0RLRSTdToTB42MMkOntGsva5yHmHo9JgLdXLbqKE5e2HCLGZS8G0vW,2020-12-29 14:11:40,2020-12-29 16:25:17,2020-12-29 16:25:17,NA,gb,gb,cb,robot,2,3,3,2,3,2,2,4,4,4,4,4,4,4,4,4,4,4,4,4,4,4,4,-999,4,4,3,2,4,2,4,2,2,2,2,3,2,3,2,3,2,3,3,2,3,3,3,3,3,4,4,3,4,4,2,1,NA
B_btbF7vPOeP4jHapc7O0ppWlkGou1eLpbZQ86JVMhEGK7taLGzBarcwwdqKUqF3,2020-12-29 14:13:36,2020-12-29 14:20:27,2020-12-29 14:20:28,NA,gb,gb,cc,robot,3,2,2,2,2,2,3,3,1,1,3,3,3,5,4,4,5,4,4,5,4,1,4,3,1,3,3,3,2,4,3,2,2,4,3,2,1,5,5,4,5,5,4,6,5,2,5,2,3,3,3,3,2,3,1,1,NA
DPjOEbk2NkyTQ8OcwpMmAZ0xtqd2OLJKnnLVOlgYUKrK5CqT0bw4FpFVmD5qU0jj,2020-12-29 14:16:11,2020-12-29 14:26:02,2020-12-29 14:26:02,NA,cc,cc,gb,moral,2,3,4,4,2,3,1,2,1,1,2,2,1,5,1,3,3,2,1,1,1,3,1,-999,4,-999,4,4,1,4,3,3,4,6,4,1,1,1,6,2,1,2,2,2,1,1,1,4,-999,1,1,-999,4,3,4,1,NA
lcbLzTBwADrewStU--qGc01WEvyL2YwYgp-kxA2hoTmE2VSe2iGt2M4B3lAmig7e,2020-12-29 14:19:16,2020-12-29 14:23:31,2020-12-29 14:23:32,NA,cc,cc,gb,robot,3,2,3,3,3,4,3,3,3,4,3,3,3,3,3,4,3,4,2,3,4,-999,-999,-999,4,4,2,3,3,3,3,3,3,1,2,4,3,1,3,2,3,4,3,3,3,3,3,-999,-999,-999,-999,-999,4,4,3,1,NA
JES_K5_mkV2hR2ndYBik6O_zinVbVHWNzkCxlPU7QiI28kUwBS2fWWqUmtUOm1Zp,2020-12-29 14:21:36,2020-12-29 14:25:27,2020-12-29 14:25:27,NA,cc,cc,cb,robot,3,2,2,2,2,2,2,4,5,6,3,5,4,6,4,4,4,4,2,5,6,3,3,3,2,3,3,3,2,3,2,2,2,5,4,4,5,3,2,3,5,4,4,3,3,6,4,2,3,2,2,2,3,2,3,1,NA
L2kagd5ZCt8kBUyexb1U7xJe92VG_fUixwIxzUw9kMLUeYxMB3Z7l2FmTIMkGwpS,2020-12-29 14:25:09,2020-12-29 14:38:36,2020-12-29 14:38:36,NA,cb,cb,cc,moral,4,4,4,4,4,4,4,1,1,1,1,1,1,1,1,1,1,1,1,1,1,4,4,4,4,4,3,3,3,3,4,2,4,1,1,1,1,1,1,1,1,1,1,1,1,1,1,4,4,4,4,4,4,4,4,1,NA
rsLtA6cHpnGe8L-b5Iqx8LP76PeVwUJGd4NLeqKQNATUlHoKvHKyEtJdLspTfstv,2020-12-29 14:31:18,2020-12-29 14:47:16,2020-12-29 14:47:17,NA,cc,cc,gb,moral,4,3,4,4,4,1,4,2,2,2,1,2,4,3,4,4,2,3,4,2,4,4,4,3,4,4,3,2,1,3,4,1,4,3,2,2,2,2,2,3,3,4,3,4,3,3,3,3,1,1,4,1,3,1,2,1,NA
qrUF4F56YdnS75XYYWvxxuQfFJtWIQDBpJ-zKIiXSYQmznijTpQqquSaRJ6UwR_4,2020-12-29 14:32:18,2020-12-29 14:38:36,2020-12-29 14:38:36,NA,cc,cc,gb,moral,2,4,3,3,3,2,3,3,2,3,2,2,2,4,4,3,3,4,3,3,4,-999,-999,-999,-999,-999,1,1,1,1,1,1,1,5,5,5,5,5,5,5,5,5,5,5,5,5,5,1,1,1,1,1,4,3,2,1,NA
SqV8zs0IsbOL1wNcq-qmsECfQhoeaa72m1ObQlAljWMhlXg3k8x-nVkulu1Kj0a5,2020-12-29 14:37:02,2020-12-29 14:46:35,2020-12-29 14:46:36,NA,cc,cc,cb,robot,3,2,3,3,3,3,3,2,2,2,2,2,2,2,2,2,2,2,2,2,3,3,3,3,3,3,3,3,3,3,3,3,3,2,2,2,2,2,2,2,2,2,2,2,2,2,2,3,3,3,3,3,3,4,3,1,NA
PryKrl2M5VKGjCyUBhrt5jIRTibA75ItRNfxIjOXicSLBd8VQX66kk2PorCMTx4z,2020-12-29 14:50:04,2020-12-29 14:57:23,2020-12-29 14:57:24,NA,cc,cc,gb,moral,3,3,2,3,2,2,3,2,2,4,3,2,3,4,2,3,2,4,4,2,2,4,3,4,3,-999,3,4,2,3,4,3,3,2,3,1,1,1,2,2,1,4,1,1,1,1,1,3,4,4,4,4,2,3,2,1,NA
vKL7IJFUsRukipFbagi_E6JuBnoPTLSDPdATL_STmaJqBwny1mL5IlCvQvEv-uvb,2020-12-29 14:51:04,2020-12-29 15:21:56,2020-12-29 15:21:56,NA,cb,cb,gb,moral,3,2,2,3,3,3,3,4,3,3,4,3,4,4,3,4,3,3,4,4,4,2,3,3,3,3,3,2,3,3,2,3,2,3,3,5,3,4,5,3,3,4,4,4,4,4,3,3,3,2,2,2,2,2,2,1,NA
Kw4Yq4yGo_vrGg0sTP5yQQ3TGpJEe2v2AQCi4pTW1hqrGb6F9-l3tZwdm8C5EUy6,2020-12-29 14:53:29,2020-12-29 14:59:44,2020-12-29 14:59:44,NA,cc,cc,cb,moral,2,4,4,4,4,1,4,2,3,2,3,3,3,2,3,3,2,3,2,2,2,-999,-999,-999,-999,-999,3,3,3,2,2,3,3,3,4,4,4,3,5,4,4,4,3,4,3,4,4,-999,-999,-999,-999,-999,4,4,3,1,NA
UJysojjbCp74cD4o4oSPhy8toLguvcOkXS5BciXCd3DE6rv0usIWWasl7GkkDcAG,2020-12-29 15:05:05,2020-12-29 15:08:03,2020-12-29 15:08:03,NA,cb,cb,gb,moral,2,2,3,3,3,3,3,4,4,5,2,4,4,2,4,4,2,4,5,5,2,3,3,2,3,3,2,2,2,2,3,2,3,3,4,3,4,4,5,4,4,5,3,4,2,4,2,2,2,3,2,3,3,2,3,1,NA
hmD6wDr1SwZguu1nyVRlccMFjwJf2EIUALvpoTr1JOX3Y2qbpaWfnLImllhPxizn,2020-12-29 15:05:32,2020-12-29 15:17:44,2020-12-29 15:17:44,NA,cb,cb,gb,robot,3,3,4,4,4,3,3,2,1,1,3,2,2,2,2,2,4,4,3,2,3,3,-999,3,3,3,3,4,2,3,3,4,3,2,1,1,1,1,1,3,1,3,4,4,4,1,2,4,-999,-999,3,4,3,3,3,1,NA
43jg_vvjXXv8p6NbtxyBfaWZVVtl205YaU6ZHl7kvGiBzHkVLpnrbhkUkXnObS7c,2020-12-29 15:14:52,2020-12-29 15:25:07,2020-12-29 15:25:07,NA,cb,cb,cc,moral,3,2,3,3,3,2,2,2,2,2,2,2,3,2,3,3,3,2,3,3,3,2,3,3,3,3,3,3,2,3,3,2,2,3,3,2,3,2,3,2,3,2,2,2,3,2,2,3,3,3,3,3,3,3,2,1,NA
7xHBa_g318jtkCHRyTTt0ghIYg-hg6d8kKm3NQQ_WEKKhu4mflTd8m5x5uaTS4iX,2020-12-29 15:18:34,2020-12-29 15:27:22,2020-12-29 15:27:22,NA,gb,gb,cc,robot,3,2,3,2,2,3,3,2,3,2,3,2,2,2,3,3,3,2,2,3,3,3,4,3,4,4,2,3,2,2,2,3,3,2,2,3,2,3,2,3,1,3,3,1,2,2,3,3,3,2,4,4,2,3,2,1,NA
AUeaYF_QtFlUmHpI3AT98aBlSpHUwRwFCwxEZ2BtwBFPfdjC1Rd-QFUKlgw87JSa,2020-12-29 15:19:25,2020-12-29 15:22:57,2020-12-29 15:22:57,NA,cc,cc,gb,moral,2,2,2,2,2,2,4,4,1,4,6,1,4,6,6,3,1,2,3,1,5,3,3,3,3,3,3,2,2,2,3,4,4,2,1,1,1,1,1,1,2,4,1,2,4,2,3,3,2,-999,3,3,3,4,3,1,NA
-oH790gtwbvmlcRN6SFF68MoJYlyFSph3ZCAWjb0XLOhnAd-ujXN5pvHrwNLIsao,2020-12-29 15:29:17,2020-12-29 15:38:09,2020-12-29 15:38:09,NA,gb,gb,cc,moral,3,2,2,3,4,3,2,4,4,4,5,7,6,4,4,4,4,5,5,5,5,2,2,-999,1,-999,3,3,3,2,3,2,1,4,5,7,6,5,6,5,5,4,4,7,6,6,5,2,2,2,2,2,3,4,2,1,NA
rnArUib0_UXOuNSo__XXVPRyb4Hn0T-GjiZF-ZGIHeEQmNf5MF6M9vq70Khs43MA,2020-12-29 15:42:21,2020-12-29 15:50:58,2020-12-29 15:50:58,NA,cc,cc,gb,robot,3,4,2,3,4,1,4,1,1,3,3,4,4,3,4,3,4,4,4,3,3,4,4,2,3,3,2,3,3,3,3,2,4,4,1,2,3,4,1,3,2,3,1,3,3,2,1,3,1,1,4,1,4,3,3,1,NA
oVK3D8PCkGP85piwVUyE8g5rhoy6qop8VCpgZYdy_gfVzpXoiVLeEZ9Zh7GHGMPv,2020-12-29 15:59:15,2020-12-29 16:01:00,2020-12-29 16:01:00,NA,cc,cc,gb,robot,3,3,3,3,3,3,3,4,4,4,5,4,5,4,5,4,4,5,4,5,5,3,3,3,3,3,3,3,3,3,3,3,3,4,4,4,5,4,5,6,6,4,5,4,4,4,5,3,3,3,3,3,3,3,3,1,NA
V30fg0oq38n-ymrmokApW6sUT5k6l1M1BjCUjLdlohLhGoi-mLy5cD5SW9Hi8dMD,2020-12-29 16:11:55,2020-12-29 16:15:53,2020-12-29 16:15:53,NA,gb,gb,cc,robot,4,4,4,4,3,4,4,2,2,2,1,2,1,3,3,2,2,2,3,3,1,3,4,4,4,4,3,3,4,4,3,2,3,2,2,1,2,2,2,3,2,3,2,2,2,2,3,4,4,4,4,4,4,3,3,1,NA
syZnvLDPhm2CM_fmZnMTwhbe3FTMcUndwe0z0nW1rcXnXBQ7W3cZvHJzUrKkO441,2020-12-29 16:15:21,2020-12-29 16:26:21,2020-12-29 16:26:21,NA,gb,gb,cb,robot,3,3,3,3,3,2,3,1,1,1,1,1,1,1,1,1,1,1,1,1,2,-999,-999,-999,-999,-999,2,3,3,3,3,2,3,1,1,1,1,1,1,1,1,1,1,1,1,1,1,3,4,4,3,4,3,3,2,1,NA
RyZaGR9LYuKxGQEzrNnYt89oSxye5W5l7LUnQ8MoCU7zCG-Y8GmNKFTyBxDVV8Al,2020-12-29 16:48:55,2020-12-29 16:57:02,2020-12-29 16:57:02,NA,gb,gb,cb,moral,4,3,1,4,2,2,2,4,4,4,4,4,4,4,4,4,4,4,4,4,4,1,-999,-999,2,-999,3,3,4,4,2,2,2,4,4,4,4,4,4,4,4,4,4,4,4,4,4,-999,3,3,3,3,3,4,1,1,NA
-huOfYx3E11IqN5_a8Hr4pXoGwJfPD3UDA2H2CXqv4R16S7SLqZuzmkUZFHp5cfJ,2020-12-29 17:28:18,2020-12-29 17:34:32,2020-12-29 17:34:33,NA,gb,gb,cb,robot,4,3,2,4,4,3,2,3,4,3,1,4,3,6,4,5,1,3,2,2,3,4,4,4,-999,3,3,3,2,2,3,3,1,4,6,1,1,2,1,4,4,5,5,3,6,4,3,4,4,-999,4,4,4,4,3,1,NA
YLL4Z4lq6sHhhAxUbrDLnHEXelAcWHT0rnoLszG9hmkaPg2LE-3szYaVh407Konx,2020-12-29 17:46:26,2020-12-29 17:51:59,2020-12-29 17:51:59,NA,cc,cc,cb,robot,3,3,2,2,2,3,2,5,5,4,5,5,4,5,4,4,5,4,5,4,5,-999,3,4,3,4,3,3,2,3,3,2,3,4,4,3,3,3,3,4,3,3,3,3,4,3,4,4,3,4,3,4,3,3,3,1,NA
aMoy5ciORJP177pi_BXmpfyeAxUF_k_lZZY3vrHu39prnI1CT20UX6uVOPlR0qL6,2020-12-29 18:05:59,2020-12-29 18:11:46,2020-12-29 18:11:46,NA,cb,cb,gb,robot,3,2,3,3,2,3,2,2,3,4,1,4,3,4,4,7,4,4,2,4,1,-999,4,-999,4,-999,2,1,4,1,4,1,4,1,1,1,1,1,2,1,1,3,2,1,1,1,3,-999,4,-999,4,3,4,3,1,1,NA
t-HrKJBK-ux9RAofRiD7BlqGW0HfB8XQHPs9J_kXjpcX948XhX-k2QKwVSxJeOlF,2020-12-29 18:44:14,2020-12-29 18:49:54,2020-12-29 18:49:54,NA,cc,cc,cb,robot,3,4,4,4,3,3,3,3,3,2,2,2,3,2,3,3,3,4,3,4,3,3,4,3,4,4,3,4,3,4,3,2,3,3,3,2,2,2,2,2,2,2,3,2,2,2,2,4,4,4,4,4,3,4,3,1,NA
yviGGGFRUwTS30NKB73jVbt-Rjo79j7lwi0iqnj3Rz18qw0eE_HXf7EteooPuzCk,2020-12-29 19:34:21,2020-12-29 19:43:12,2020-12-29 19:43:12,NA,cb,cb,gb,moral,2,2,2,2,3,1,3,1,2,2,2,2,2,3,2,2,2,2,2,2,3,3,3,3,3,3,3,3,2,3,2,2,2,3,2,3,3,3,3,3,3,4,3,3,3,3,3,2,1,1,2,1,3,3,3,1,NA
5gI_RH5lHnsmYxWoda5GymXzpmo-P3AVuXou4A470ebaB8CbrG7aDdZ7IkDqQ0CK,2020-12-29 19:55:18,2020-12-29 20:01:11,2020-12-29 20:01:12,NA,cb,cb,cc,robot,1,1,1,1,1,4,1,7,7,7,7,7,7,7,7,7,6,6,7,6,6,1,3,1,2,2,4,2,4,2,3,1,4,2,2,2,2,2,2,3,2,2,3,3,3,2,3,3,4,-999,3,-999,3,3,3,1,NA
_fyDn-juXKjwWXBI9VVRJAfEagCXUITFtUXWtfbU0OcxGXySuTC12LaXanXJlRKt,2020-12-29 20:41:17,2020-12-29 20:48:02,2020-12-29 20:48:02,NA,gb,gb,cb,robot,3,3,4,3,3,4,2,3,4,5,5,4,5,4,5,6,4,4,3,5,4,4,3,4,4,3,3,4,2,3,4,4,4,3,4,2,1,3,3,4,3,3,4,3,4,4,4,4,4,4,4,4,4,3,4,1,NA
6-MnINXkELP5sYvo6U92sL9qQMsCeRdJcGq5D5_Mjz9TGoSJQR1xsRGcQPmrDdGl,2020-12-29 22:01:54,2020-12-29 22:08:20,2020-12-29 22:08:20,NA,gb,gb,cb,robot,3,3,3,3,2,2,2,5,5,5,5,5,5,5,5,5,5,5,4,5,5,1,1,1,1,1,3,3,3,3,2,2,2,4,4,4,4,4,4,4,4,4,4,4,4,4,4,4,4,4,4,4,4,3,4,3,NA
Yr5KuqXzXlD2U6XHP4i5x0b1a2AS_0vHBthLTlkOQIG30QljkS2ZvQOht-My8Vla,2020-12-29 22:47:38,2020-12-29 22:57:03,2020-12-29 22:57:03,NA,gb,gb,cc,moral,2,2,2,2,2,2,2,4,4,1,1,5,4,4,3,4,4,4,4,4,4,-999,2,-999,-999,4,2,2,2,2,2,2,3,2,1,1,1,1,1,2,2,2,2,2,2,2,2,2,2,-999,1,2,2,3,2,2,NA
dtCnLJXbupabFWM0Yx-rTrIVaCJQ7Egqt62rlCOqcXQ7jD1AhYm81dAunAXKxlL5,2020-12-30 00:10:47,2020-12-30 00:14:06,2020-12-30 00:14:07,NA,gb,gb,cc,robot,2,4,2,3,1,3,1,6,4,4,4,4,4,4,4,4,4,2,4,4,6,1,4,3,2,2,1,2,3,2,3,2,2,2,3,3,3,3,1,3,3,4,3,3,2,3,4,4,4,4,4,4,3,3,2,1,NA
HKjkwt3t0W6HV3p8dMFFbavzi1nUEP6d7vjPSImKKSdzQbY3XAThet9BbryjktCL,2020-12-30 00:11:00,2020-12-30 00:20:02,2020-12-30 00:20:02,NA,cb,cb,cc,robot,3,3,3,3,2,3,2,5,5,4,5,4,4,5,4,4,4,5,5,5,4,3,3,3,3,3,3,3,3,3,2,3,2,4,4,4,4,4,4,4,4,4,4,4,4,4,4,3,3,3,3,3,3,3,2,1,NA
z9OABY3qEymdzCP3RG53ffuWhElWBWLk1R9fs5u_W--HWdxi9B9rGbV3Nf6e9qV9,2020-12-30 01:34:52,2020-12-30 01:41:54,2020-12-30 01:41:54,NA,cb,cb,gb,moral,2,3,2,2,3,2,2,5,4,3,5,5,4,4,4,4,4,4,4,4,4,-999,-999,-999,-999,2,2,2,2,2,2,2,3,4,4,4,4,4,4,4,4,4,4,4,4,4,4,-999,-999,-999,-999,-999,2,3,2,1,NA
81U9kH9GL4dcoSqTIbLy8X4rgDaQ_b8YEMNFeYT2k9MbX8CuVL0xssX3pQj1yHxN,2020-12-30 04:28:25,2020-12-30 04:31:01,2020-12-30 04:31:01,NA,cb,cb,gb,robot,2,3,3,2,2,2,2,3,4,5,4,4,4,3,4,5,5,4,4,4,5,-999,-999,-999,-999,-999,3,3,3,3,3,3,3,4,5,4,3,4,4,2,5,4,3,3,4,6,4,-999,-999,-999,-999,-999,3,3,2,1,NA
G83szJjOvzCdey1RNWx4xDfOkxQBWAssCkTxdtC0NU-nnh0_BqkZykHAG1ucjZoD,2020-12-30 19:50:04,2020-12-30 20:04:58,2020-12-30 20:04:59,NA,cc,cc,cb,moral,3,2,3,4,1,2,2,3,2,2,3,3,3,2,3,4,3,2,1,3,3,3,3,4,3,4,2,3,3,3,3,3,2,3,2,2,1,2,3,4,5,3,4,3,4,4,3,3,3,2,2,3,3,3,2,1,NA
7UpN579IRqKX8T8w9UXKK0MfZQzOYfMdt6Vl-CEyCHBP9TlaZ6Cn3ZLfFGHjb_tA,2020-12-31 12:33:03,2020-12-31 12:37:46,2020-12-31 12:37:46,NA,cb,cb,gb,robot,3,3,2,3,2,2,2,6,5,6,5,6,6,5,5,3,5,6,6,5,5,1,-999,2,3,3,2,2,4,3,2,3,3,6,6,6,6,6,6,6,5,5,6,6,6,6,6,3,3,2,3,3,4,3,3,1,NA
mVqW-_d30GZyGDkuGxCGYKx9K46bRX1WTapoeOvwTexty0VkFujr6Br3xEHacj0W,2020-12-31 12:34:04,2020-12-31 12:47:16,2020-12-31 12:47:16,NA,cb,cb,gb,moral,2,3,2,3,4,1,4,3,4,3,2,4,3,2,2,3,2,2,2,2,5,2,4,3,4,4,2,4,1,4,3,2,3,3,3,3,3,3,2,2,2,3,2,3,3,2,3,1,1,1,1,1,3,4,1,1,NA
-HInCKwJDsLRCtTjMsr0rqH_amdsZ5kARlpZ2if0WGNaisUj4TXj-erMqwK3hWRM,2020-12-31 12:44:33,2020-12-31 12:54:04,2020-12-31 12:54:04,NA,cc,cc,gb,moral,3,3,3,3,3,3,3,6,6,6,6,6,6,6,6,6,6,6,6,6,6,3,3,3,3,3,3,2,3,3,2,2,3,6,6,6,6,6,6,6,6,5,5,6,5,6,6,2,2,2,2,2,4,4,1,1,NA
bpevfj9aYvl0QyK_jdw0B46v8ubj38UUwwLlEncnTJ_O36r3vaRZKqWM6vQCc0-3,2020-12-31 12:54:37,2020-12-31 12:59:29,2020-12-31 12:59:29,NA,cb,cb,gb,robot,3,4,2,3,4,1,4,1,1,1,1,1,1,1,1,1,1,1,1,1,1,-999,4,-999,4,4,3,1,4,4,4,1,4,1,1,1,1,1,1,1,1,1,1,1,1,1,1,-999,-999,-999,4,4,2,2,2,2,NA
S-nezWyAHOK84g1WCG5NsDy0-NEo30jharRUdfBUe4EZJWUqaua7uP4DnxEAfxQo,2020-12-31 13:02:03,2020-12-31 13:08:14,2020-12-31 13:08:14,NA,cc,cc,cb,robot,4,4,4,4,4,4,4,4,4,4,4,4,4,4,4,4,4,4,4,4,4,-999,-999,-999,-999,-999,3,3,3,3,3,3,3,4,4,4,4,4,4,4,4,4,4,4,4,4,4,-999,-999,-999,-999,-999,3,4,1,2,NA
ttm9QWk-5DMtP21qc0k5zoG_8e05hDhVOGuJ6RlTlOMG1ycu0yLUD2JxTTLHkrOl,2020-12-31 13:04:10,2021-01-04 21:20:35,2021-01-04 21:20:36,NA,cb,cb,gb,moral,4,3,3,4,4,1,3,3,3,3,4,4,3,5,4,5,4,4,5,1,3,-999,4,-999,-999,-999,3,3,3,3,3,3,3,2,3,3,3,3,4,5,6,4,3,4,5,4,3,4,4,4,4,4,3,2,3,1,NA
AHhiEhADvFqB6RcbHjq7ytmB3eB36C_GHlakXD_LKxDJ_BOhLOx40egkoXBJjAIK,2020-12-31 13:04:42,2020-12-31 13:08:18,2020-12-31 13:08:18,NA,cb,cb,gb,robot,2,2,2,2,2,2,2,4,4,4,4,4,4,4,4,4,4,4,4,4,4,-999,-999,-999,-999,-999,2,2,2,2,2,2,2,4,4,4,4,4,4,4,4,4,4,4,4,4,4,-999,-999,-999,-999,-999,1,2,2,1,NA
0rlEXbrbbfttQq23rLlkwKkqcJ6PF3M_fCVPlGSEnSpOskoknLGBJFKPmRBaQXLQ,2020-12-31 13:15:38,2020-12-31 13:28:28,2020-12-31 13:28:28,NA,cc,cc,cb,moral,3,3,3,4,2,3,2,4,2,5,2,4,4,4,4,2,4,4,3,2,3,3,3,2,3,3,3,4,3,4,2,2,2,3,4,3,3,3,4,3,3,3,4,4,3,4,3,3,4,4,4,4,3,3,3,1,NA
O3RhIE9oNje4mWQ0nryaynVxfrEQU2JfN62QPeGIlE6mPjhIKcrNoPcEqL0mJ0a4,2020-12-31 13:27:10,2020-12-31 13:36:01,2020-12-31 13:36:01,NA,cb,cb,gb,moral,3,4,3,4,4,1,3,3,1,3,1,3,3,1,1,5,1,2,1,3,1,3,3,3,4,4,3,3,2,3,4,1,4,1,1,1,1,1,1,1,1,1,1,1,1,1,1,3,1,1,1,1,3,3,3,1,NA
mZmIY4vVVh4z53qDgR9mGm9bs-ODlz3bDX30MPfWMek0gSxqmwh5UjS8ak-5SPFu,2020-12-31 13:29:16,2020-12-31 13:39:21,2020-12-31 13:39:21,NA,gb,gb,cc,robot,3,4,2,4,3,4,2,3,4,4,5,5,4,2,2,3,3,4,3,2,3,-999,3,-999,3,-999,3,4,2,4,2,2,3,2,4,3,3,4,6,2,3,4,3,4,2,4,2,3,-999,-999,3,-999,2,4,3,1,NA
hvIFnOYYorQ6XzVIA4mpPtk1Uv-_Zj1TnTt5rK3lP0Xzz5GfUuc3FJ3kWNd30xt1,2020-12-31 13:49:09,2020-12-31 13:54:39,2020-12-31 13:54:39,NA,gb,gb,cc,robot,3,3,2,4,2,3,2,2,2,3,4,3,3,4,5,4,3,4,4,4,4,1,4,2,3,2,2,3,1,2,2,3,2,5,2,2,5,3,2,5,4,5,4,5,4,4,5,2,3,1,4,3,2,3,2,1,NA
iPkx5VBBP6yEV-JVsuZI3Hp8oGhgLlCi0uqzI1KrpvzpHzxBVnm9E27mtnGdpCyU,2020-12-31 13:55:43,2020-12-31 14:02:03,2020-12-31 14:02:03,NA,gb,gb,cb,moral,3,3,3,3,3,2,3,2,2,3,2,2,3,3,3,3,3,2,2,2,3,3,3,-999,-999,-999,2,3,2,3,3,2,3,2,2,2,2,2,2,3,2,2,2,2,2,2,3,4,4,4,3,4,3,3,3,1,NA
JzfzVPD07oVmxsCukUh2Jr-I9358qFbPy9z-nNdDj7-KOjnwCU7ap5jelrqY8V5k,2020-12-31 14:48:09,2020-12-31 14:59:24,2020-12-31 14:59:24,NA,gb,gb,cb,moral,2,3,3,3,2,3,2,3,4,4,5,4,4,5,3,5,4,4,5,4,3,3,3,3,1,2,3,3,3,3,2,2,2,4,4,4,4,4,3,4,4,3,4,5,4,5,4,3,3,3,2,2,2,3,2,1,NA
1TXojqwJzZN9FckSuCom3ow0M8iO9vL_zpSUvM5nWDzzCTM9wC_fH1gV2qeBOY9C,2020-12-31 16:04:03,2020-12-31 16:16:32,2020-12-31 16:16:32,NA,gb,gb,cb,moral,2,2,3,2,2,3,3,1,1,1,1,1,1,2,2,2,2,2,2,2,2,3,1,1,4,1,3,3,2,3,2,3,1,1,1,1,1,1,3,1,1,1,1,3,1,1,3,3,4,4,4,4,4,4,1,1,NA
-IshUNvWqs82pp0KRTKx42zIH1XYJeHyPjGOLBLMnqLdBVvEl5HcAdTl9UWNCS2d,2020-12-31 16:23:19,2020-12-31 16:38:42,2020-12-31 16:38:42,NA,gb,gb,cb,moral,3,4,3,2,2,3,2,5,5,3,5,6,5,4,5,4,4,4,4,4,4,2,3,3,2,4,2,3,3,1,4,1,3,2,2,1,2,2,2,1,1,2,3,1,1,1,1,4,4,4,4,4,4,4,2,1,NA
Z55kO7Z_kWOJf2wisjOzxrfN2nJrVyz_-9AXQcZPUYs3tDuWZb4FkBj6LeQsd65k,2021-01-01 13:26:13,2021-01-01 13:37:56,2021-01-01 13:37:56,NA,cc,cc,gb,moral,3,2,3,2,3,2,3,3,2,4,4,3,2,3,3,3,3,3,3,3,3,2,-999,-999,3,-999,2,3,2,3,3,2,3,3,3,4,3,3,2,2,2,3,4,5,5,3,5,2,1,1,1,1,2,3,2,1,NA
lAmwXPJ5ctJOPVK5opO2ejxhx9eYhlvNRudj6nfFR9VfO4YVN1HzUUyEvcDkZrFs,2021-01-01 16:38:03,2021-01-01 16:45:00,2021-01-01 16:45:00,NA,cc,cc,gb,robot,2,2,2,2,2,2,2,4,3,5,4,4,2,5,5,3,2,3,2,4,3,2,3,3,3,4,2,2,2,2,2,2,2,3,3,3,4,1,3,3,1,3,3,4,3,3,3,-999,1,1,4,1,3,2,3,-999,UK
DtcwdFWth6A5-7og-yJ58PKyyM7JpDST-1DRIu0lEaIPkHY2KGYTGxdmPG2_kdd6,2021-01-01 19:16:23,2021-01-02 10:30:54,2021-01-02 10:30:54,NA,cc,cc,gb,moral,2,2,2,3,3,2,3,3,3,3,3,3,3,3,3,3,3,3,3,3,3,-999,-999,-999,3,-999,3,2,2,3,2,2,2,3,4,4,4,4,4,4,4,4,4,3,4,4,4,2,2,2,2,2,3,3,3,1,NA
eXwS-f50sLw0qTilla_VRI5KFZVdyNwlldFNK6KguWq_qri7y7PhbLe6xk2aBH9r,2021-01-02 00:32:20,2021-01-02 00:35:32,2021-01-02 00:35:33,NA,cb,cb,gb,robot,2,2,3,1,3,4,2,3,5,5,4,4,6,1,2,5,2,2,3,3,2,3,2,4,2,4,1,3,2,3,1,3,2,1,6,1,3,2,5,3,1,1,3,4,4,5,1,3,1,2,4,3,2,3,2,1,NA
ORBISn1I717CwgV9mR8wpVAr5ltxTIiZZoftekY3LYepe9gm54CtQ4YK1QltA0eM,2021-01-02 12:56:35,2021-01-02 16:43:40,2021-01-02 16:43:40,NA,cc,cc,gb,robot,2,3,2,3,3,2,3,2,2,2,2,3,2,2,2,2,2,2,2,2,2,-999,-999,-999,-999,-999,2,4,2,2,3,3,3,2,3,2,2,2,2,2,2,2,2,2,2,2,2,-999,-999,-999,-999,-999,3,3,2,1,NA
2BHhbQGLKatwipgrCBtcsGhSCQB63vlF0_3pxg2Oy5AwfE7Vw7Q3iuLKO-3Vo3AI,2021-01-03 14:57:14,2021-01-03 15:00:13,2021-01-03 15:00:14,NA,cc,cc,cb,robot,2,2,3,2,3,2,3,4,2,5,3,4,4,4,3,4,3,3,3,6,3,-999,3,4,2,3,3,3,2,2,3,3,3,4,5,5,4,4,5,3,4,4,4,5,3,4,5,3,3,-999,2,-999,2,2,2,1,NA
OlKu3BNGRl63efUUnWrNDy6ANRdG3V5vVSv7xwE2gFHTYu3hwTS3XmulW-KBL-3i,2021-01-04 00:08:09,2021-01-04 00:17:34,2021-01-04 00:17:34,NA,gb,gb,cb,moral,3,4,4,3,2,3,2,4,4,4,3,5,3,2,2,4,4,4,3,3,5,-999,1,1,1,1,2,3,3,2,2,3,2,4,4,3,4,3,5,5,4,6,5,4,6,4,6,3,4,4,4,4,4,4,3,1,NA
sPPP0WR00u9yXxgIWbtMEhmF07jejUkpmnboygVduTI-reCPNkZGhjJnJ1PpUQqT,2021-01-04 11:56:17,2021-01-04 12:01:21,2021-01-04 12:01:21,NA,cc,cc,cb,robot,3,2,3,3,4,3,3,2,3,2,3,1,3,4,3,3,2,3,1,4,1,-999,-999,-999,-999,-999,2,3,3,2,3,2,3,2,4,4,4,5,5,4,3,4,3,4,3,6,4,-999,-999,-999,-999,-999,4,1,1,1,NA
BgTE8WZiwvVLznws9-LTKMBHe8tNtFcnCGaaJN4NLWlnupck022LrcNciPMagFuE,2021-01-04 15:14:28,2021-01-04 15:23:42,2021-01-04 15:23:43,NA,cc,cc,gb,moral,2,3,4,3,3,3,3,2,3,3,1,2,1,1,2,3,3,2,1,2,2,2,4,3,3,3,3,3,3,2,3,3,2,2,2,3,2,2,1,2,1,2,1,2,1,2,3,1,1,1,2,1,4,4,3,1,NA
aVk21xRGTv1K9RwULmV5Eya9yDhslKSYvy4XioW5NceJ7b2KzI8jyhCqOvKNZkAm,2021-01-05 18:59:56,2021-01-05 19:10:50,2021-01-05 19:10:51,NA,gb,gb,cc,robot,2,3,3,3,3,1,3,1,2,2,1,3,3,1,2,3,1,2,3,3,3,-999,3,-999,3,-999,2,3,4,4,2,2,3,1,1,2,2,2,2,1,2,3,2,2,1,2,2,3,3,-999,4,-999,4,4,3,2,NA
mlGIJeMImQgrsaBmvnkpGBsDTNAevGb7Z6NYAKxV7XfwOqdSTjV7eWSzL1Hy0lBu,2021-01-05 19:23:44,2021-01-05 19:30:10,2021-01-05 19:30:10,NA,cc,cc,cb,moral,1,3,4,3,1,1,1,7,7,7,7,7,7,7,6,7,7,7,7,6,7,4,4,4,4,4,1,2,4,2,2,3,3,3,4,2,3,4,5,5,2,4,5,4,4,4,4,4,4,4,4,4,3,3,1,1,NA
kMEZ0PDa6TrFNGEZB6oOU_mACJ9P0gGpvc6AqYYzxd9LtanXSsgVNW6fq3mwJ4BC,2021-01-05 19:41:55,2021-01-05 20:28:00,2021-01-05 20:28:01,NA,cc,cc,cb,moral,3,3,3,4,3,1,3,2,2,2,2,2,3,4,4,3,3,3,4,3,3,2,-999,-999,2,-999,2,2,3,3,3,2,3,3,2,2,2,3,2,2,2,3,3,3,3,3,2,3,4,1,3,4,3,4,3,1,NA
OBYDm7N7KtB-4N8iNXiTOlYJ6_dlMOnckyFX8i7OLOzVnKgEqku_ufpucy_RLnpJ,2021-01-05 21:36:18,2021-01-05 21:43:42,2021-01-05 21:43:42,NA,cb,cb,gb,robot,4,4,4,4,1,4,1,1,1,1,1,1,1,1,3,4,1,5,7,1,1,4,4,4,4,1,4,4,1,4,4,1,1,1,1,1,1,1,1,1,1,1,1,1,7,1,1,4,4,4,4,4,1,1,1,1,NA
917XV_wbC4yOqyq5wnVr-S-3ntZksbO_vOD-UYem6wjkrksub3hbaGIEzhRbuaqA,2021-01-07 11:53:29,2021-01-07 12:03:10,2021-01-07 12:03:10,NA,gb,gb,cc,robot,2,3,1,3,3,1,3,1,1,1,1,2,1,1,1,1,1,1,1,1,1,1,1,1,1,1,2,3,2,3,3,1,3,2,2,2,1,1,1,1,1,1,1,1,1,1,1,-999,-999,-999,-999,-999,4,4,1,1,NA
AYT5qSBKg8Xjw_F6fqva2pDw7KrmhT7tH4-B8ujsT-dMidJfY8yZxLiScNg9YKNp,2021-01-08 12:01:34,2021-01-08 12:09:19,2021-01-08 12:09:19,NA,cc,cc,cb,robot,3,2,2,2,3,2,3,1,1,1,1,1,1,1,1,1,1,1,1,1,1,2,-999,-999,3,-999,3,4,1,4,3,3,3,3,3,3,3,3,3,3,3,3,3,3,3,3,3,4,4,4,4,4,4,4,1,3,NA
NZLm5WuDGK2ZWpyoXrcebN07IGhkrgt5Jn5c5Zc431b96W56FHM1WdMwqhGIumPL,2021-01-08 12:10:25,2021-01-08 12:14:46,2021-01-08 12:14:46,NA,gb,gb,cb,moral,2,2,3,3,4,1,1,1,2,2,1,2,2,2,1,1,4,2,1,3,2,4,4,3,4,4,3,4,3,3,2,3,3,2,2,3,2,2,3,2,2,3,4,3,5,2,5,2,3,2,3,4,2,3,3,1,NA
0GPEIyBNX2Ob4Teb0-l-khuLKoxtxBJxCwr5ZOZocjsRiXJDTWiGL7pMtf1Liegi,2021-01-08 12:18:54,2021-01-08 12:25:57,2021-01-08 12:25:58,NA,gb,gb,cb,moral,1,4,4,1,2,3,3,3,1,1,1,1,1,7,1,1,6,4,1,7,7,4,4,4,4,4,3,3,1,1,1,1,1,1,1,2,2,1,1,7,3,1,1,1,1,1,1,1,1,1,1,1,4,4,4,1,NA
Q5xbCArfSaTwztoHsijCOyXt_SmkIhwDvXG2nzaUTbZ_4rPTaZcqb4GYUT5ATQAu,2021-01-08 12:32:30,2021-01-08 12:34:42,2021-01-08 12:34:42,NA,gb,gb,cb,robot,1,3,2,1,4,3,4,6,3,4,6,6,5,3,3,2,4,4,6,5,5,4,1,4,1,1,1,4,4,4,1,4,3,4,2,3,4,4,6,7,5,6,4,7,4,4,6,2,2,1,4,3,4,1,2,1,NA
ILAR7x_TrYCurU4hW1S38S5tSMmwj5VBB10gInaFfwgep-aKW5PuhwQ4dPDI9vGu,2021-01-08 13:29:46,2021-01-08 19:01:34,2021-01-08 19:01:34,NA,cc,cc,cb,robot,3,4,2,4,3,2,3,1,1,2,3,2,2,2,1,2,3,3,3,1,3,4,4,4,4,4,3,3,2,4,3,2,3,1,1,1,1,1,1,1,1,1,1,1,1,1,1,-999,-999,-999,-999,-999,4,3,3,1,NA
FUm9hyLUGEwhblAc6fwjp548HcQwPspAicmkUtT7VmtENvbc98XzJ2_K5IFPeaO9,2021-01-08 14:12:23,2021-01-08 14:20:40,2021-01-08 14:20:40,NA,gb,gb,cc,moral,2,3,3,3,2,3,2,4,4,4,4,4,4,4,4,4,4,4,4,4,4,-999,-999,-999,-999,-999,2,2,2,2,2,2,2,4,4,4,4,4,4,4,4,4,4,4,4,4,4,-999,-999,-999,-999,-999,3,3,3,1,NA
FfMbdQw_zpzPRglRjWR5Ajv9N-7pOhZiSKFK802ZGnrcRJ-DTiy2s0ACWszYrhDm,2021-01-08 15:10:21,2021-01-08 15:12:58,2021-01-08 15:12:59,NA,cc,cc,gb,moral,2,2,2,2,2,2,3,3,4,3,4,4,3,4,3,4,4,4,3,3,4,-999,-999,-999,-999,-999,2,2,2,3,2,2,3,4,4,4,3,4,3,4,4,4,4,4,4,4,4,3,-999,-999,2,-999,3,3,3,1,NA
WCXtU83FXSeCsszBE4B17YZvdtSNw1-RmNVgV6aSBm2uUi4mhGIjV8jSVAAzj0mN,2021-01-08 15:51:43,2021-01-08 15:53:10,2021-01-08 15:53:10,NA,cb,cb,cc,robot,2,1,3,3,4,4,3,2,5,6,4,6,2,2,2,4,2,7,2,6,2,3,3,4,4,4,3,3,4,2,4,4,4,3,6,6,1,2,5,5,1,7,3,6,6,6,4,3,4,4,4,3,3,3,3,1,NA
qUqw50jlhQBJFQ-EExfw3ZGRQLAZlaSsaDgNAMkUjpQI49z_phn3lHWneL0239L4,2021-01-08 16:09:30,2021-01-08 16:16:40,2021-01-08 16:16:40,NA,gb,gb,cb,moral,1,1,3,2,4,2,4,3,3,3,2,1,2,1,3,1,4,3,2,4,4,1,1,1,1,1,1,2,1,1,4,2,4,1,1,1,1,1,1,1,1,1,1,1,1,1,1,4,4,4,4,4,4,4,4,1,NA
5CEWvEd5LOtRrYpbI9ebFe6IxsArZfBauCkliB6nKgFk_cCALwKMk1zji67dbQUy,2021-01-08 16:13:18,2021-01-08 16:20:48,2021-01-08 16:20:48,NA,gb,gb,cb,robot,2,3,2,3,3,2,2,4,3,3,4,4,4,4,5,5,4,4,4,5,4,3,3,-999,3,3,3,3,3,3,3,2,2,4,2,2,4,4,4,4,4,4,4,4,3,4,5,3,3,3,3,3,3,3,3,1,NA
Cv1JZ7aimpll3_DiyH8h_Q895FBkwvMYUGU4QpIBvU7eTWSNc5K6QCbFvNyc5Z8P,2021-01-08 16:18:34,2021-01-08 16:21:08,2021-01-08 16:21:09,NA,cb,cb,gb,robot,2,2,2,2,2,2,2,4,4,4,4,4,4,4,4,4,4,4,4,4,4,-999,-999,-999,-999,-999,2,2,2,2,2,2,2,4,4,4,4,4,4,4,4,4,4,4,4,4,4,-999,-999,-999,-999,-999,2,2,2,1,NA
DoV5eBdn2iIRrfAYQbYh6k8eLDiZctP3PUBMzRoV88ddGoUpYZUhl-2aodYrg3z7,2021-01-08 16:56:44,2021-01-08 17:05:14,2021-01-08 17:05:14,NA,gb,gb,cb,moral,1,4,4,1,4,1,4,2,4,2,2,4,3,3,3,3,2,2,2,2,3,1,1,1,1,1,4,4,4,4,4,1,4,2,4,4,3,4,4,2,4,4,2,2,3,3,3,1,1,1,1,1,4,4,4,1,NA
1S1uB2OykdnmD8Sv0X06BkER7x0x39CEKIk1o_H9RR6qTfbcamkuoFVa0TGuqU8z,2021-01-08 17:32:33,2021-01-08 17:39:00,2021-01-08 17:39:01,NA,cc,cc,gb,moral,4,3,3,3,3,2,3,1,1,1,1,1,1,1,2,2,2,1,2,1,2,3,4,-999,4,-999,3,2,3,2,2,3,2,1,1,1,1,1,1,1,1,1,1,2,2,2,1,1,1,1,2,1,3,2,2,1,NA
5Q11K4ustu4krSgx6gaDJkyoIoPL-hOxcbLd9dMRfZGNcFQSsV-pj4AJIC7d3x-_,2021-01-08 17:32:56,2021-01-08 17:37:14,2021-01-08 17:37:14,NA,cb,cb,cc,robot,3,2,2,2,2,3,2,4,4,4,4,4,4,4,4,4,4,4,4,4,4,3,3,4,3,3,3,3,3,3,2,3,2,4,4,4,4,4,4,4,4,4,4,4,4,4,4,2,2,2,2,2,3,3,3,1,NA
V4hm1x_ozuwHZwRl3Mx-6KQYjvxXJiZ4XzKKH8q9BMfTyFJP4Xt-8UGHN-xE51BM,2021-01-08 17:40:47,2021-01-08 17:46:11,2021-01-08 17:46:12,NA,cc,cc,cb,moral,4,4,4,4,4,1,4,1,1,1,1,1,1,1,1,1,1,1,1,1,1,4,4,4,4,4,4,4,4,4,4,4,4,1,1,1,1,1,1,1,1,1,1,1,1,1,1,4,4,4,4,4,3,4,3,1,NA
9IbYBY2m0RYbQmqPuCkrPLHEXJRCkAednOU5Syr1rRxbDN3jLYu_AV7-zt-6zpzj,2021-01-08 17:43:13,2021-01-08 18:01:06,2021-01-08 18:01:06,NA,gb,gb,cc,moral,4,4,3,4,3,3,3,4,4,3,4,5,4,3,3,4,4,3,3,3,3,1,1,1,1,1,2,2,2,3,2,2,2,4,3,3,5,3,5,4,4,4,4,4,4,4,4,2,2,4,3,2,3,3,3,1,NA
BCMgdqQaYgDYFutHbYcBKaKmP8bsO5xHmxIXTbZ3lJHL7XsXSFfr5gj44CB9RsR5,2021-01-08 17:44:36,2021-01-08 17:46:42,2021-01-08 17:46:42,NA,cc,cc,gb,robot,3,2,4,3,2,3,2,2,3,3,3,3,4,3,3,3,4,3,4,3,3,3,3,3,3,3,3,1,3,2,2,3,2,4,4,4,3,4,4,4,4,3,3,4,4,3,4,3,3,3,3,3,4,3,4,1,NA
GRqsEubla6mElWBhcePRy49Sib-xcDSJy79HFe7JVZW9mz3y2gQk4gWJ3DF2RS39,2021-01-08 17:55:48,2021-01-08 18:05:44,2021-01-08 18:05:45,NA,gb,gb,cc,robot,3,3,3,3,2,3,2,4,3,2,3,3,2,4,4,4,4,4,4,3,3,1,1,1,1,1,3,2,2,3,3,3,2,4,3,2,3,3,3,3,4,4,4,4,4,3,4,1,1,-999,1,1,4,4,4,1,NA
x-oDKZI5N6lwyoG6_DsuVntp1Bay6fsPsMJL6XNaqTTMu4N3e46Y9XBKnrOU4yMO,2021-01-08 18:03:02,2021-01-08 18:08:17,2021-01-08 18:08:17,NA,cb,cb,gb,moral,3,3,3,2,1,2,1,6,3,6,5,6,5,4,5,5,4,5,3,5,4,-999,4,4,-999,4,2,3,3,2,3,2,2,4,3,3,4,4,4,5,5,4,4,4,4,3,5,1,1,1,1,1,4,4,4,1,NA
TyANE-Vk2Q44au8c6mUjDySpJwqstZX7RZbvlswpRnXnP0FSHvxXfCTBHSwqpY75,2021-01-08 18:32:18,2021-01-08 18:48:41,2021-01-08 18:48:41,NA,cc,cc,cb,robot,3,4,1,4,3,1,1,1,1,1,1,1,1,1,1,1,1,1,1,1,1,4,-999,4,4,-999,1,4,3,4,4,1,4,1,1,1,1,1,1,1,1,1,1,1,1,1,1,4,4,4,4,4,4,4,4,1,NA
ZWo80ZiJBstw0xTk8x34lEwqAOTv8Sc2ZSe4FGsn8f8onKuVPcYxkPawkgybMwHB,2021-01-08 19:50:47,2021-01-08 19:53:26,2021-01-08 19:53:26,NA,gb,gb,cb,moral,3,3,3,3,4,3,3,1,4,4,4,4,4,4,4,4,4,4,4,4,4,-999,-999,-999,-999,-999,3,3,3,3,3,3,3,4,4,4,4,4,4,4,1,4,4,4,4,4,4,-999,-999,-999,-999,-999,3,3,2,1,NA
qhX3rYE4AJyRUi6pFh_ZAMu-BGTEqJE5FLUlfBVjJAaY6SKxoiTZuyqrg1IsVd3n,2021-01-08 20:03:45,2021-01-08 20:09:09,2021-01-08 20:09:09,NA,cc,cc,cb,robot,2,2,2,3,2,2,2,4,5,4,4,4,4,4,4,4,4,4,4,4,4,2,2,2,2,2,2,2,2,2,2,2,2,4,4,4,4,4,4,4,4,4,4,4,4,4,4,2,3,2,2,3,3,3,2,1,NA
Ajc8R0uh9B4wEUYm-KalbsdF3Tq32s2iwmMEtMutfeHbaR7uZAWRlrDgA1FGrVP7,2021-01-08 20:37:17,2021-01-08 20:49:27,2021-01-08 20:49:27,NA,gb,gb,cc,robot,3,4,3,3,3,2,3,2,1,1,1,3,2,3,3,3,2,3,3,3,3,1,1,1,1,1,3,4,3,4,3,2,3,1,1,1,1,3,2,3,3,4,2,4,3,3,3,-999,-999,3,3,-999,4,4,4,1,NA
6gajz98uYPPBqYhf6Y8amx3rvc9ZxcS1soQ1YJaku6pBzE-pRcSijtnnhnXjogXk,2021-01-08 20:45:15,2021-01-13 14:34:41,2021-01-13 14:34:42,NA,gb,gb,cc,moral,2,3,2,3,2,3,3,4,3,3,3,3,4,4,4,4,4,4,4,4,3,3,2,3,-999,3,2,2,3,2,2,3,2,4,4,3,4,4,4,3,5,4,3,4,4,4,4,3,3,2,3,2,3,2,2,3,NA
oU23pMWDK45DS6EyDnxsRwVwg9EkvpwGJAqhKXUklaDufsf3qUmQVVws1i-J20rh,2021-01-19 14:56:45,2021-01-19 15:04:55,2021-01-19 15:04:55,NA,gb,gb,cb,robot,3,2,3,3,3,2,2,3,2,2,6,3,2,3,6,3,4,5,3,2,3,2,-999,3,1,-999,4,2,3,2,3,2,3,4,2,3,2,3,6,2,6,3,4,2,4,2,3,3,3,4,3,4,3,1,4,1,NA
